<measure>
  <schema_version>3.0</schema_version>
  <name>improve_fan_belt_efficiency</name>
  <uid>724ef0bb-49ab-4697-bcab-09a8846a3714</uid>
  <version_id>1adbc719-13af-407d-ab5c-7bf2544a193e</version_id>
  <version_modified>20170320T192150Z</version_modified>
  <xml_checksum>F78494F2</xml_checksum>
  <class_name>ImproveFanBeltEfficiency</class_name>
  <display_name>Improve Fan Belt Efficiency</display_name>
  <description>The assessment team observed opportunities for fan belt improvements on HVAC fan drives. These motors are asynchronous induction motors.&#xd;&#xd;&#xd;&#xd;&#xd;
&#xd;&#xd;&#xd;&#xd;&#xd;
Improvements in belt efficiency result in energy savings at the motor. The three common belt efficiency measures are belt tightening (1%-5% savings per motor), replace standard v-belts with cogged v-belts (2% savings per motor), and replace standard belts with synchronous belts (3% savings per motor).&#xd;&#xd;&#xd;&#xd;&#xd;
&#xd;&#xd;&#xd;&#xd;&#xd;
Well-adjusted belts run cooler, last longer, and operate at higher efficiency than standard belts. The belts associated with the largest motors, longest run times, and that are run closest to full load should be given priority when making replacements.&#xd;&#xd;&#xd;&#xd;&#xd;
  </description>
  <modeler_description>This measure alters fans on all or a single air loop in the building. The three belt ECMs options are then exposed as three user argument fields with a default populated for each. The range of efficiency improvements will be listed in the user argument description. The three user arguments will be summed and added to the existing motor efficiency. The cost arguments are user arguments that are also populated with a default.  If arguments are left blank, the user is notified that the model has not changed in the run manager. A warning is issued if the motor efficiency >96% and an error is issued if efficiency is >100%.</modeler_description>
  <arguments>
    <argument>
      <name>object</name>
      <display_name>Choose an Air Loop to Alter.</display_name>
      <type>Choice</type>
      <required>true</required>
      <model_dependent>false</model_dependent>
      <default_value>*All Air Loops*</default_value>
      <choices>
        <choice>
          <value>{7cf735ed-c091-4efb-a7d2-d18b50d984d6}</value>
          <display_name>*All Air Loops*</display_name>
        </choice>
      </choices>
    </argument>
    <argument>
      <name>motor_eff</name>
      <display_name>Motor Efficiency Change(%).</display_name>
      <type>Double</type>
      <required>true</required>
      <model_dependent>false</model_dependent>
      <default_value>0</default_value>
    </argument>
    <argument>
      <name>fan_eff</name>
      <display_name>Fan Efficiency Change(%).</display_name>
      <type>Double</type>
      <required>true</required>
      <model_dependent>false</model_dependent>
      <default_value>0</default_value>
    </argument>
    <argument>
      <name>remove_costs</name>
      <display_name>Remove Baseline Costs From Effected Fans?</display_name>
      <type>Boolean</type>
      <required>true</required>
      <model_dependent>false</model_dependent>
      <default_value>false</default_value>
      <choices>
        <choice>
          <value>true</value>
          <display_name>true</display_name>
        </choice>
        <choice>
          <value>false</value>
          <display_name>false</display_name>
        </choice>
      </choices>
    </argument>
    <argument>
      <name>material_cost</name>
      <display_name>Material and Installation Costs per Motor ($).</display_name>
      <type>Double</type>
      <required>true</required>
      <model_dependent>false</model_dependent>
      <default_value>0</default_value>
    </argument>
    <argument>
      <name>demolition_cost</name>
      <display_name>Demolition Costs per Motor ($).</display_name>
      <type>Double</type>
      <required>true</required>
      <model_dependent>false</model_dependent>
      <default_value>0</default_value>
    </argument>
    <argument>
      <name>years_until_costs_start</name>
      <display_name>Years Until Costs Start (whole years).</display_name>
      <type>Integer</type>
      <required>true</required>
      <model_dependent>false</model_dependent>
      <default_value>0</default_value>
    </argument>
    <argument>
      <name>demo_cost_initial_const</name>
      <display_name>Demolition Costs Occur During Initial Construction?</display_name>
      <type>Boolean</type>
      <required>true</required>
      <model_dependent>false</model_dependent>
      <default_value>false</default_value>
      <choices>
        <choice>
          <value>true</value>
          <display_name>true</display_name>
        </choice>
        <choice>
          <value>false</value>
          <display_name>false</display_name>
        </choice>
      </choices>
    </argument>
    <argument>
      <name>expected_life</name>
      <display_name>Expected Life (whole years).</display_name>
      <type>Integer</type>
      <required>true</required>
      <model_dependent>false</model_dependent>
      <default_value>20</default_value>
    </argument>
    <argument>
      <name>om_cost</name>
      <display_name>O &amp; M Costs per Motor ($).</display_name>
      <type>Double</type>
      <required>true</required>
      <model_dependent>false</model_dependent>
      <default_value>0</default_value>
    </argument>
    <argument>
      <name>om_frequency</name>
      <display_name>O &amp; M Frequency (whole years).</display_name>
      <type>Integer</type>
      <required>true</required>
      <model_dependent>false</model_dependent>
      <default_value>1</default_value>
    </argument>
  </arguments>
  <outputs/>
  <provenances/>
  <tags>
    <tag>HVAC.Distribution</tag>
  </tags>
  <attributes>
    <attribute>
      <name>Measure Type</name>
      <value>ModelMeasure</value>
      <datatype>string</datatype>
    </attribute>
    <attribute>
      <name>Uses SketchUp API</name>
      <value>false</value>
      <datatype>boolean</datatype>
    </attribute>
  </attributes>
  <files>
    <file>
      <filename>0320_ModelWithHVAC_01.osm</filename>
      <filetype>osm</filetype>
      <usage_type>test</usage_type>
      <checksum>4A5352A1</checksum>
    </file>
    <file>
      <filename>ImproveFanBeltEfficiency_Test.rb</filename>
      <filetype>rb</filetype>
      <usage_type>test</usage_type>
      <checksum>6FC6DAA3</checksum>
    </file>
    <file>
      <version>
        <software_program>OpenStudio</software_program>
        <identifier>1.0.3</identifier>
        <min_compatible>1.0.3</min_compatible>
      </version>
      <filename>measure.rb</filename>
      <filetype>rb</filetype>
      <usage_type>script</usage_type>
      <checksum>6D94B096</checksum>
    </file>
  </files>
</measure>
