<measure>
  <schema_version>3.0</schema_version>
  <name>aedg_office_hvac_vav_ch_w</name>
  <uid>28e4e4fb-a10a-4f85-82f9-c4ad2dd3cf12</uid>
  <version_id>d96bbbef-c5ad-49f5-9825-2e8c998a5def</version_id>
  <version_modified>20170315T161151Z</version_modified>
  <xml_checksum>4435983D</xml_checksum>
  <class_name>AedgOfficeHvacVavChW</class_name>
  <display_name>AedgOfficeHvacVavChW</display_name>
  <description>Measure replaces existing HVAC system (if any) with a high efficiency multizone variable air volume (VAV) HVAC system (one system per floor).  The multizone VAV system (centralized cooling with zone level heating) is applied to all space types.  In select cases, the user is given the option to preserve existing HVAC schedules.  In other cases, new schedules are generated that align with AEDG recommendations.  The resulting HVAC system reflects the HVAC recommendations of the 50% Small and Medium Office AEDG.</description>
  <modeler_description>Airloops are dedicated to the multizone VAV cooling system and have variable speed fan operation, hot water coil heating, and chilled water coil cooling.  The cold deck has outdoor air reset on the supply air temperature.  Heating is provided at the zone level with hot water baseboard heaters.  The chiller for the VAV is air-cooled.</modeler_description>
  <arguments>
    <argument>
      <name>ceilingReturnPlenumSpaceType</name>
      <display_name>This space type should be part of a ceiling return air plenum.</display_name>
      <type>Choice</type>
      <required>false</required>
      <model_dependent>false</model_dependent>
    </argument>
    <argument>
      <name>costTotalHVACSystem</name>
      <display_name>Total Cost for HVAC System ($).</display_name>
      <type>Double</type>
      <required>true</required>
      <model_dependent>false</model_dependent>
      <default_value>0</default_value>
    </argument>
    <argument>
      <name>remake_schedules</name>
      <display_name>Apply recommended availability and ventilation schedules for air handlers?</display_name>
      <type>Boolean</type>
      <required>true</required>
      <model_dependent>false</model_dependent>
      <default_value>true</default_value>
      <choices>
        <choice>
          <value>true</value>
          <display_name>true</display_name>
        </choice>
        <choice>
          <value>false</value>
          <display_name>false</display_name>
        </choice>
      </choices>
    </argument>
  </arguments>
  <outputs/>
  <provenances/>
  <tags>
    <tag>HVAC.Whole System</tag>
  </tags>
  <attributes>
    <attribute>
      <name>Measure Type</name>
      <value>ModelMeasure</value>
      <datatype>string</datatype>
    </attribute>
    <attribute>
      <name>Uses SketchUp API</name>
      <value>false</value>
      <datatype>boolean</datatype>
    </attribute>
  </attributes>
  <files>
    <file>
      <version>
        <software_program>OpenStudio</software_program>
        <identifier>1.3.0</identifier>
        <min_compatible>1.8.0</min_compatible>
      </version>
      <filename>measure.rb</filename>
      <filetype>rb</filetype>
      <usage_type>script</usage_type>
      <checksum>2797FD4C</checksum>
    </file>
    <file>
      <filename>AEDG_HVAC_GenericTestModel_0225_a.osm</filename>
      <filetype>osm</filetype>
      <usage_type>test</usage_type>
      <checksum>ED45BF2B</checksum>
    </file>
    <file>
      <filename>AedgOfficeHvacVavChw_Test.rb</filename>
      <filetype>rb</filetype>
      <usage_type>test</usage_type>
      <checksum>4EAF341F</checksum>
    </file>
    <file>
      <filename>test_arguments.csv</filename>
      <filetype>csv</filetype>
      <usage_type>test</usage_type>
      <checksum>2BA7A96A</checksum>
    </file>
    <file>
      <filename>OsLib_AedgMeasures.rb</filename>
      <filetype>rb</filetype>
      <usage_type>resource</usage_type>
      <checksum>400D07BE</checksum>
    </file>
    <file>
      <filename>OsLib_Constructions.rb</filename>
      <filetype>rb</filetype>
      <usage_type>resource</usage_type>
      <checksum>1DBDBCB3</checksum>
    </file>
    <file>
      <filename>OsLib_Geometry.rb</filename>
      <filetype>rb</filetype>
      <usage_type>resource</usage_type>
      <checksum>730B5D71</checksum>
    </file>
    <file>
      <filename>OsLib_HelperMethods.rb</filename>
      <filetype>rb</filetype>
      <usage_type>resource</usage_type>
      <checksum>15A9730B</checksum>
    </file>
    <file>
      <filename>OsLib_HVAC.rb</filename>
      <filetype>rb</filetype>
      <usage_type>resource</usage_type>
      <checksum>DD15D25B</checksum>
    </file>
    <file>
      <filename>OsLib_LightingAndEquipment.rb</filename>
      <filetype>rb</filetype>
      <usage_type>resource</usage_type>
      <checksum>E76DE29C</checksum>
    </file>
    <file>
      <filename>OsLib_Schedules.rb</filename>
      <filetype>rb</filetype>
      <usage_type>resource</usage_type>
      <checksum>C53CDDCD</checksum>
    </file>
  </files>
</measure>
