<measure>
  <schema_version>3.0</schema_version>
  <name>xcel_eda_tariff_selectionand_model_setup</name>
  <uid>c5ab60e9-b8e5-4653-a502-5ed030f1335d</uid>
  <version_id>0233e26b-9ce6-45c9-8f2b-86d30472bb66</version_id>
  <version_modified>20170315T161150Z</version_modified>
  <xml_checksum>4FA703D1</xml_checksum>
  <class_name>XcelEDATariffSelectionandModelSetup</class_name>
  <display_name>XcelEDATariffSelectionandModelSetup</display_name>
  <description>Add the selected Xcel utility rate, as well as set the timestep and lifecycle costing parameters as required by the Xcel EDA program.</description>
  <modeler_description>Adds the .idf text for the selected Xcel Energy tariffs, sets the timestep to 15min so that the demand window and the timestep align, and sets the lifecycle costing parameters to use NIST 2012 inflation and fuel escalation numbers.  These NIST numbers will not affect the Xcel EDA results.</modeler_description>
  <arguments>
    <argument>
      <name>elec_tar</name>
      <display_name>Select an Electricity Tariff.</display_name>
      <type>Choice</type>
      <required>true</required>
      <model_dependent>false</model_dependent>
      <default_value>Secondary General</default_value>
      <choices>
        <choice>
          <value>Residential General</value>
          <display_name>Residential General</display_name>
        </choice>
        <choice>
          <value>Commercial</value>
          <display_name>Commercial</display_name>
        </choice>
        <choice>
          <value>Primary General</value>
          <display_name>Primary General</display_name>
        </choice>
        <choice>
          <value>Secondary General Low Load Factor</value>
          <display_name>Secondary General Low Load Factor</display_name>
        </choice>
        <choice>
          <value>Secondary General</value>
          <display_name>Secondary General</display_name>
        </choice>
        <choice>
          <value>Secondary Photovoltaic Time-of-Use</value>
          <display_name>Secondary Photovoltaic Time-of-Use</display_name>
        </choice>
        <choice>
          <value>Transmission General</value>
          <display_name>Transmission General</display_name>
        </choice>
        <choice>
          <value>Non-Xcel Commercial</value>
          <display_name>Non-Xcel Commercial</display_name>
        </choice>
        <choice>
          <value>Non-Xcel Primary General</value>
          <display_name>Non-Xcel Primary General</display_name>
        </choice>
        <choice>
          <value>Non-Xcel Secondary General Low Load Factor</value>
          <display_name>Non-Xcel Secondary General Low Load Factor</display_name>
        </choice>
        <choice>
          <value>Non-Xcel Secondary General</value>
          <display_name>Non-Xcel Secondary General</display_name>
        </choice>
        <choice>
          <value>Non-Xcel Transmission General</value>
          <display_name>Non-Xcel Transmission General</display_name>
        </choice>
      </choices>
    </argument>
    <argument>
      <name>gas_tar</name>
      <display_name>Select a Gas Tariff.</display_name>
      <type>Choice</type>
      <required>true</required>
      <model_dependent>false</model_dependent>
      <default_value>Large CG</default_value>
      <choices>
        <choice>
          <value>Residential Gas</value>
          <display_name>Residential Gas</display_name>
        </choice>
        <choice>
          <value>Small CG</value>
          <display_name>Small CG</display_name>
        </choice>
        <choice>
          <value>Large CG</value>
          <display_name>Large CG</display_name>
        </choice>
        <choice>
          <value>Interruptible Industrial G</value>
          <display_name>Interruptible Industrial G</display_name>
        </choice>
        <choice>
          <value>Non-Xcel Gas Firm</value>
          <display_name>Non-Xcel Gas Firm</display_name>
        </choice>
        <choice>
          <value>Non-Xcel Gas Interruptible</value>
          <display_name>Non-Xcel Gas Interruptible</display_name>
        </choice>
      </choices>
    </argument>
  </arguments>
  <outputs/>
  <provenances/>
  <tags>
    <tag>Economics.Life Cycle Cost Analysis</tag>
  </tags>
  <attributes>
    <attribute>
      <name>Measure Type</name>
      <value>EnergyPlusMeasure</value>
      <datatype>string</datatype>
    </attribute>
    <attribute>
      <name>Measure Function</name>
      <value>Measure</value>
      <datatype>string</datatype>
    </attribute>
    <attribute>
      <name>Requires EnergyPlus Results</name>
      <value>false</value>
      <datatype>boolean</datatype>
    </attribute>
    <attribute>
      <name>Uses SketchUp API</name>
      <value>false</value>
      <datatype>boolean</datatype>
    </attribute>
  </attributes>
  <files>
    <file>
      <filename>EnvelopeAndLoadTestModel_01.osm</filename>
      <filetype>osm</filetype>
      <usage_type>test</usage_type>
      <checksum>E11F67BD</checksum>
    </file>
    <file>
      <version>
        <software_program>OpenStudio</software_program>
        <identifier>0.11.3</identifier>
        <min_compatible>1.8.0</min_compatible>
      </version>
      <filename>measure.rb</filename>
      <filetype>rb</filetype>
      <usage_type>script</usage_type>
      <checksum>805C6011</checksum>
    </file>
    <file>
      <filename>XcelEDATariffSelectionandModelSetup_Test.rb</filename>
      <filetype>rb</filetype>
      <usage_type>test</usage_type>
      <checksum>6B6EA958</checksum>
    </file>
    <file>
      <filename>Commercial.idf</filename>
      <filetype>idf</filetype>
      <usage_type>resource</usage_type>
      <checksum>628403F4</checksum>
    </file>
    <file>
      <filename>Non-Xcel Commercial.idf</filename>
      <filetype>idf</filetype>
      <usage_type>resource</usage_type>
      <checksum>DB30797C</checksum>
    </file>
    <file>
      <filename>Non-Xcel Primary General.idf</filename>
      <filetype>idf</filetype>
      <usage_type>resource</usage_type>
      <checksum>2400EE4B</checksum>
    </file>
    <file>
      <filename>Non-Xcel Secondary General Low Load Factor.idf</filename>
      <filetype>idf</filetype>
      <usage_type>resource</usage_type>
      <checksum>AF427317</checksum>
    </file>
    <file>
      <filename>Non-Xcel Secondary General.idf</filename>
      <filetype>idf</filetype>
      <usage_type>resource</usage_type>
      <checksum>34AA067F</checksum>
    </file>
    <file>
      <filename>Non-Xcel Transmission General.idf</filename>
      <filetype>idf</filetype>
      <usage_type>resource</usage_type>
      <checksum>2EB42B2B</checksum>
    </file>
    <file>
      <filename>Primary General.idf</filename>
      <filetype>idf</filetype>
      <usage_type>resource</usage_type>
      <checksum>D5FE39D1</checksum>
    </file>
    <file>
      <filename>Residential General.idf</filename>
      <filetype>idf</filetype>
      <usage_type>resource</usage_type>
      <checksum>927AF6DA</checksum>
    </file>
    <file>
      <filename>Secondary General Low Load Factor.idf</filename>
      <filetype>idf</filetype>
      <usage_type>resource</usage_type>
      <checksum>692CE305</checksum>
    </file>
    <file>
      <filename>Secondary General.idf</filename>
      <filetype>idf</filetype>
      <usage_type>resource</usage_type>
      <checksum>2C424945</checksum>
    </file>
    <file>
      <filename>Transmission General.idf</filename>
      <filetype>idf</filetype>
      <usage_type>resource</usage_type>
      <checksum>B45065B9</checksum>
    </file>
    <file>
      <filename>Large CG.idf</filename>
      <filetype>idf</filetype>
      <usage_type>resource</usage_type>
      <checksum>1571AFB4</checksum>
    </file>
    <file>
      <filename>Residential Gas.idf</filename>
      <filetype>idf</filetype>
      <usage_type>resource</usage_type>
      <checksum>9DE76D03</checksum>
    </file>
    <file>
      <filename>Small CG.idf</filename>
      <filetype>idf</filetype>
      <usage_type>resource</usage_type>
      <checksum>40BBFF87</checksum>
    </file>
    <file>
      <filename>Secondary Photovoltaic Time-of-Use.idf</filename>
      <filetype>idf</filetype>
      <usage_type>resource</usage_type>
      <checksum>707CC00A</checksum>
    </file>
    <file>
      <filename>Non-Xcel Gas Firm.idf</filename>
      <filetype>idf</filetype>
      <usage_type>resource</usage_type>
      <checksum>D53D2CEA</checksum>
    </file>
    <file>
      <filename>Non-Xcel Gas Interruptible.idf</filename>
      <filetype>idf</filetype>
      <usage_type>resource</usage_type>
      <checksum>3D6406B3</checksum>
    </file>
    <file>
      <filename>Interruptible Industrial G.idf</filename>
      <filetype>idf</filetype>
      <usage_type>resource</usage_type>
      <checksum>48C37F65</checksum>
    </file>
  </files>
</measure>
