<measure>
  <schema_version>3.0</schema_version>
  <name>create_doe_prototype_building</name>
  <uid>be90fd0b-a651-467a-bc8d-29d310b0f937</uid>
  <version_id>3e572e0e-1ce2-4019-96cb-f7d4c72abf06</version_id>
  <version_modified>20170310T195104Z</version_modified>
  <xml_checksum>BCB7218E</xml_checksum>
  <class_name>CreateDOEPrototypeBuilding</class_name>
  <display_name>Create DOE Prototype Building</display_name>
  <description>Creates the DOE Reference Building Models as starting points for other analyses.</description>
  <modeler_description></modeler_description>
  <arguments>
    <argument>
      <name>building_type</name>
      <display_name>Building Type.</display_name>
      <type>Choice</type>
      <required>true</required>
      <model_dependent>false</model_dependent>
      <default_value>SmallOffice</default_value>
      <choices>
        <choice>
          <value>SecondarySchool</value>
          <display_name>SecondarySchool</display_name>
        </choice>
        <choice>
          <value>PrimarySchool</value>
          <display_name>PrimarySchool</display_name>
        </choice>
        <choice>
          <value>SmallOffice</value>
          <display_name>SmallOffice</display_name>
        </choice>
        <choice>
          <value>MediumOffice</value>
          <display_name>MediumOffice</display_name>
        </choice>
        <choice>
          <value>LargeOffice</value>
          <display_name>LargeOffice</display_name>
        </choice>
        <choice>
          <value>SmallHotel</value>
          <display_name>SmallHotel</display_name>
        </choice>
        <choice>
          <value>LargeHotel</value>
          <display_name>LargeHotel</display_name>
        </choice>
        <choice>
          <value>Warehouse</value>
          <display_name>Warehouse</display_name>
        </choice>
        <choice>
          <value>RetailStandalone</value>
          <display_name>RetailStandalone</display_name>
        </choice>
        <choice>
          <value>RetailStripmall</value>
          <display_name>RetailStripmall</display_name>
        </choice>
        <choice>
          <value>QuickServiceRestaurant</value>
          <display_name>QuickServiceRestaurant</display_name>
        </choice>
        <choice>
          <value>FullServiceRestaurant</value>
          <display_name>FullServiceRestaurant</display_name>
        </choice>
        <choice>
          <value>MidriseApartment</value>
          <display_name>MidriseApartment</display_name>
        </choice>
        <choice>
          <value>HighriseApartment</value>
          <display_name>HighriseApartment</display_name>
        </choice>
        <choice>
          <value>Hospital</value>
          <display_name>Hospital</display_name>
        </choice>
        <choice>
          <value>Outpatient</value>
          <display_name>Outpatient</display_name>
        </choice>
      </choices>
    </argument>
    <argument>
      <name>template</name>
      <display_name>Template.</display_name>
      <type>Choice</type>
      <required>true</required>
      <model_dependent>false</model_dependent>
      <default_value>90.1-2010</default_value>
      <choices>
        <choice>
          <value>DOE Ref Pre-1980</value>
          <display_name>DOE Ref Pre-1980</display_name>
        </choice>
        <choice>
          <value>DOE Ref 1980-2004</value>
          <display_name>DOE Ref 1980-2004</display_name>
        </choice>
        <choice>
          <value>90.1-2004</value>
          <display_name>90.1-2004</display_name>
        </choice>
        <choice>
          <value>90.1-2007</value>
          <display_name>90.1-2007</display_name>
        </choice>
        <choice>
          <value>90.1-2010</value>
          <display_name>90.1-2010</display_name>
        </choice>
        <choice>
          <value>90.1-2013</value>
          <display_name>90.1-2013</display_name>
        </choice>
        <choice>
          <value>NECB 2011</value>
          <display_name>NECB 2011</display_name>
        </choice>
      </choices>
    </argument>
    <argument>
      <name>climate_zone</name>
      <display_name>Climate Zone.</display_name>
      <type>Choice</type>
      <required>true</required>
      <model_dependent>false</model_dependent>
      <default_value>ASHRAE 169-2006-2A</default_value>
      <choices>
        <choice>
          <value>ASHRAE 169-2006-1A</value>
          <display_name>ASHRAE 169-2006-1A</display_name>
        </choice>
        <choice>
          <value>ASHRAE 169-2006-2A</value>
          <display_name>ASHRAE 169-2006-2A</display_name>
        </choice>
        <choice>
          <value>ASHRAE 169-2006-2B</value>
          <display_name>ASHRAE 169-2006-2B</display_name>
        </choice>
        <choice>
          <value>ASHRAE 169-2006-3A</value>
          <display_name>ASHRAE 169-2006-3A</display_name>
        </choice>
        <choice>
          <value>ASHRAE 169-2006-3B</value>
          <display_name>ASHRAE 169-2006-3B</display_name>
        </choice>
        <choice>
          <value>ASHRAE 169-2006-3C</value>
          <display_name>ASHRAE 169-2006-3C</display_name>
        </choice>
        <choice>
          <value>ASHRAE 169-2006-4A</value>
          <display_name>ASHRAE 169-2006-4A</display_name>
        </choice>
        <choice>
          <value>ASHRAE 169-2006-4B</value>
          <display_name>ASHRAE 169-2006-4B</display_name>
        </choice>
        <choice>
          <value>ASHRAE 169-2006-4C</value>
          <display_name>ASHRAE 169-2006-4C</display_name>
        </choice>
        <choice>
          <value>ASHRAE 169-2006-5A</value>
          <display_name>ASHRAE 169-2006-5A</display_name>
        </choice>
        <choice>
          <value>ASHRAE 169-2006-5B</value>
          <display_name>ASHRAE 169-2006-5B</display_name>
        </choice>
        <choice>
          <value>ASHRAE 169-2006-6A</value>
          <display_name>ASHRAE 169-2006-6A</display_name>
        </choice>
        <choice>
          <value>ASHRAE 169-2006-6B</value>
          <display_name>ASHRAE 169-2006-6B</display_name>
        </choice>
        <choice>
          <value>ASHRAE 169-2006-7A</value>
          <display_name>ASHRAE 169-2006-7A</display_name>
        </choice>
        <choice>
          <value>ASHRAE 169-2006-8A</value>
          <display_name>ASHRAE 169-2006-8A</display_name>
        </choice>
        <choice>
          <value>NECB HDD Method</value>
          <display_name>NECB HDD Method</display_name>
        </choice>
      </choices>
    </argument>
    <argument>
      <name>epw_file</name>
      <display_name>Climate File (NECB only)</display_name>
      <type>Choice</type>
      <required>true</required>
      <model_dependent>false</model_dependent>
      <default_value>Not Applicable</default_value>
      <choices>
        <choice>
          <value>Not Applicable</value>
          <display_name>Not Applicable</display_name>
        </choice>
        <choice>
          <value>CAN_BC_Abbotsford.711080_CWEC.epw</value>
          <display_name>CAN_BC_Abbotsford.711080_CWEC.epw</display_name>
        </choice>
        <choice>
          <value>CAN_PQ_Bagotville.717270_CWEC.epw</value>
          <display_name>CAN_PQ_Bagotville.717270_CWEC.epw</display_name>
        </choice>
        <choice>
          <value>CAN_PQ_Baie.Comeau.711870_CWEC.epw</value>
          <display_name>CAN_PQ_Baie.Comeau.711870_CWEC.epw</display_name>
        </choice>
        <choice>
          <value>CAN_NF_Battle.Harbour.718170_CWEC.epw</value>
          <display_name>CAN_NF_Battle.Harbour.718170_CWEC.epw</display_name>
        </choice>
        <choice>
          <value>CAN_MB_Brandon.711400_CWEC.epw</value>
          <display_name>CAN_MB_Brandon.711400_CWEC.epw</display_name>
        </choice>
        <choice>
          <value>CAN_AB_Calgary.718770_CWEC.epw</value>
          <display_name>CAN_AB_Calgary.718770_CWEC.epw</display_name>
        </choice>
        <choice>
          <value>CAN_PE_Charlottetown.717060_CWEC.epw</value>
          <display_name>CAN_PE_Charlottetown.717060_CWEC.epw</display_name>
        </choice>
        <choice>
          <value>CAN_MB_Churchill.719130_CWEC.epw</value>
          <display_name>CAN_MB_Churchill.719130_CWEC.epw</display_name>
        </choice>
        <choice>
          <value>CAN_BC_Comox.718930_CWEC.epw</value>
          <display_name>CAN_BC_Comox.718930_CWEC.epw</display_name>
        </choice>
        <choice>
          <value>CAN_BC_Cranbrook.718800_CWEC.epw</value>
          <display_name>CAN_BC_Cranbrook.718800_CWEC.epw</display_name>
        </choice>
        <choice>
          <value>CAN_AB_Edmonton.711230_CWEC.epw</value>
          <display_name>CAN_AB_Edmonton.711230_CWEC.epw</display_name>
        </choice>
        <choice>
          <value>CAN_SK_Estevan.718620_CWEC.epw</value>
          <display_name>CAN_SK_Estevan.718620_CWEC.epw</display_name>
        </choice>
        <choice>
          <value>CAN_AB_Fort.McMurray.719320_CWEC.epw</value>
          <display_name>CAN_AB_Fort.McMurray.719320_CWEC.epw</display_name>
        </choice>
        <choice>
          <value>CAN_BC_Fort.St.John.719430_CWEC.epw</value>
          <display_name>CAN_BC_Fort.St.John.719430_CWEC.epw</display_name>
        </choice>
        <choice>
          <value>CAN_NB_Fredericton.717000_CWEC.epw</value>
          <display_name>CAN_NB_Fredericton.717000_CWEC.epw</display_name>
        </choice>
        <choice>
          <value>CAN_NF_Gander.718030_CWEC.epw</value>
          <display_name>CAN_NF_Gander.718030_CWEC.epw</display_name>
        </choice>
        <choice>
          <value>CAN_NF_Goose.718160_CWEC.epw</value>
          <display_name>CAN_NF_Goose.718160_CWEC.epw</display_name>
        </choice>
        <choice>
          <value>CAN_AB_Grande.Prairie.719400_CWEC.epw</value>
          <display_name>CAN_AB_Grande.Prairie.719400_CWEC.epw</display_name>
        </choice>
        <choice>
          <value>CAN_NS_Greenwood.713970_CWEC.epw</value>
          <display_name>CAN_NS_Greenwood.713970_CWEC.epw</display_name>
        </choice>
        <choice>
          <value>CAN_PQ_Grindstone.Island_CWEC.epw</value>
          <display_name>CAN_PQ_Grindstone.Island_CWEC.epw</display_name>
        </choice>
        <choice>
          <value>CAN_NT_Inuvik.719570_CWEC.epw</value>
          <display_name>CAN_NT_Inuvik.719570_CWEC.epw</display_name>
        </choice>
        <choice>
          <value>CAN_BC_Kamloops.718870_CWEC.epw</value>
          <display_name>CAN_BC_Kamloops.718870_CWEC.epw</display_name>
        </choice>
        <choice>
          <value>CAN_ON_Kingston.716200_CWEC.epw</value>
          <display_name>CAN_ON_Kingston.716200_CWEC.epw</display_name>
        </choice>
        <choice>
          <value>CAN_PQ_Kuujjuarapik.719050_CWEC.epw</value>
          <display_name>CAN_PQ_Kuujjuarapik.719050_CWEC.epw</display_name>
        </choice>
        <choice>
          <value>CAN_PQ_Kuujuaq.719060_CWEC.epw</value>
          <display_name>CAN_PQ_Kuujuaq.719060_CWEC.epw</display_name>
        </choice>
        <choice>
          <value>CAN_PQ_La.Grande.Riviere.718270_CWEC.epw</value>
          <display_name>CAN_PQ_La.Grande.Riviere.718270_CWEC.epw</display_name>
        </choice>
        <choice>
          <value>CAN_PQ_Lake.Eon.714210_CWEC.epw</value>
          <display_name>CAN_PQ_Lake.Eon.714210_CWEC.epw</display_name>
        </choice>
        <choice>
          <value>CAN_AB_Lethbridge.712430_CWEC.epw</value>
          <display_name>CAN_AB_Lethbridge.712430_CWEC.epw</display_name>
        </choice>
        <choice>
          <value>CAN_ON_London.716230_CWEC.epw</value>
          <display_name>CAN_ON_London.716230_CWEC.epw</display_name>
        </choice>
        <choice>
          <value>CAN_AB_Medicine.Hat.718720_CWEC.epw</value>
          <display_name>CAN_AB_Medicine.Hat.718720_CWEC.epw</display_name>
        </choice>
        <choice>
          <value>CAN_NB_Miramichi.717440_CWEC.epw</value>
          <display_name>CAN_NB_Miramichi.717440_CWEC.epw</display_name>
        </choice>
        <choice>
          <value>CAN_PQ_Mont.Joli.717180_CWEC.epw</value>
          <display_name>CAN_PQ_Mont.Joli.717180_CWEC.epw</display_name>
        </choice>
        <choice>
          <value>CAN_PQ_Montreal.Intl.AP.716270_CWEC.epw</value>
          <display_name>CAN_PQ_Montreal.Intl.AP.716270_CWEC.epw</display_name>
        </choice>
        <choice>
          <value>CAN_PQ_Montreal.Jean.Brebeuf.716278_CWEC.epw</value>
          <display_name>CAN_PQ_Montreal.Jean.Brebeuf.716278_CWEC.epw</display_name>
        </choice>
        <choice>
          <value>CAN_PQ_Montreal.Mirabel.716278_CWEC.epw</value>
          <display_name>CAN_PQ_Montreal.Mirabel.716278_CWEC.epw</display_name>
        </choice>
        <choice>
          <value>CAN_ON_Mount.Forest.716310_CWEC.epw</value>
          <display_name>CAN_ON_Mount.Forest.716310_CWEC.epw</display_name>
        </choice>
        <choice>
          <value>CAN_ON_Muskoka.716300_CWEC.epw</value>
          <display_name>CAN_ON_Muskoka.716300_CWEC.epw</display_name>
        </choice>
        <choice>
          <value>CAN_PQ_Nitchequon.CAN270_CWEC.epw</value>
          <display_name>CAN_PQ_Nitchequon.CAN270_CWEC.epw</display_name>
        </choice>
        <choice>
          <value>CAN_SK_North.Battleford.718760_CWEC.epw</value>
          <display_name>CAN_SK_North.Battleford.718760_CWEC.epw</display_name>
        </choice>
        <choice>
          <value>CAN_ON_North.Bay.717310_CWEC.epw</value>
          <display_name>CAN_ON_North.Bay.717310_CWEC.epw</display_name>
        </choice>
        <choice>
          <value>CAN_ON_Ottawa.716280_CWEC.epw</value>
          <display_name>CAN_ON_Ottawa.716280_CWEC.epw</display_name>
        </choice>
        <choice>
          <value>CAN_BC_Port.Hardy.711090_CWEC.epw</value>
          <display_name>CAN_BC_Port.Hardy.711090_CWEC.epw</display_name>
        </choice>
        <choice>
          <value>CAN_BC_Prince.George.718960_CWEC.epw</value>
          <display_name>CAN_BC_Prince.George.718960_CWEC.epw</display_name>
        </choice>
        <choice>
          <value>CAN_BC_Prince.Rupert.718980_CWEC.epw</value>
          <display_name>CAN_BC_Prince.Rupert.718980_CWEC.epw</display_name>
        </choice>
        <choice>
          <value>CAN_PQ_Quebec.717140_CWEC.epw</value>
          <display_name>CAN_PQ_Quebec.717140_CWEC.epw</display_name>
        </choice>
        <choice>
          <value>CAN_SK_Regina.718630_CWEC.epw</value>
          <display_name>CAN_SK_Regina.718630_CWEC.epw</display_name>
        </choice>
        <choice>
          <value>CAN_NU_Resolute.719240_CWEC.epw</value>
          <display_name>CAN_NU_Resolute.719240_CWEC.epw</display_name>
        </choice>
        <choice>
          <value>CAN_PQ_Riviere.du.Loup.717150_CWEC.epw</value>
          <display_name>CAN_PQ_Riviere.du.Loup.717150_CWEC.epw</display_name>
        </choice>
        <choice>
          <value>CAN_PQ_Roberval.717280_CWEC.epw</value>
          <display_name>CAN_PQ_Roberval.717280_CWEC.epw</display_name>
        </choice>
        <choice>
          <value>CAN_NS_Sable.Island.716000_CWEC.epw</value>
          <display_name>CAN_NS_Sable.Island.716000_CWEC.epw</display_name>
        </choice>
        <choice>
          <value>CAN_NB_Saint.John.716090_CWEC.epw</value>
          <display_name>CAN_NB_Saint.John.716090_CWEC.epw</display_name>
        </choice>
        <choice>
          <value>CAN_BC_Sandspit.711010_CWEC.epw</value>
          <display_name>CAN_BC_Sandspit.711010_CWEC.epw</display_name>
        </choice>
        <choice>
          <value>CAN_SK_Saskatoon.718660_CWEC.epw</value>
          <display_name>CAN_SK_Saskatoon.718660_CWEC.epw</display_name>
        </choice>
        <choice>
          <value>CAN_ON_Sault.Ste.Marie.712600_CWEC.epw</value>
          <display_name>CAN_ON_Sault.Ste.Marie.712600_CWEC.epw</display_name>
        </choice>
        <choice>
          <value>CAN_PQ_Schefferville.718280_CWEC.epw</value>
          <display_name>CAN_PQ_Schefferville.718280_CWEC.epw</display_name>
        </choice>
        <choice>
          <value>CAN_PQ_Sept-Iles.718110_CWEC.epw</value>
          <display_name>CAN_PQ_Sept-Iles.718110_CWEC.epw</display_name>
        </choice>
        <choice>
          <value>CAN_NS_Shearwater.716010_CWEC.epw</value>
          <display_name>CAN_NS_Shearwater.716010_CWEC.epw</display_name>
        </choice>
        <choice>
          <value>CAN_PQ_Sherbrooke.716100_CWEC.epw</value>
          <display_name>CAN_PQ_Sherbrooke.716100_CWEC.epw</display_name>
        </choice>
        <choice>
          <value>CAN_ON_Simcoe.715270_CWEC.epw</value>
          <display_name>CAN_ON_Simcoe.715270_CWEC.epw</display_name>
        </choice>
        <choice>
          <value>CAN_BC_Smithers.719500_CWEC.epw</value>
          <display_name>CAN_BC_Smithers.719500_CWEC.epw</display_name>
        </choice>
        <choice>
          <value>CAN_PQ_St.Hubert.713710_CWEC.epw</value>
          <display_name>CAN_PQ_St.Hubert.713710_CWEC.epw</display_name>
        </choice>
        <choice>
          <value>CAN_NF_St.Johns.718010_CWEC.epw</value>
          <display_name>CAN_NF_St.Johns.718010_CWEC.epw</display_name>
        </choice>
        <choice>
          <value>CAN_PQ_Ste.Agathe.des.Monts.717200_CWEC.epw</value>
          <display_name>CAN_PQ_Ste.Agathe.des.Monts.717200_CWEC.epw</display_name>
        </choice>
        <choice>
          <value>CAN_NF_Stephenville.718150_CWEC.epw</value>
          <display_name>CAN_NF_Stephenville.718150_CWEC.epw</display_name>
        </choice>
        <choice>
          <value>CAN_BC_Summerland.717680_CWEC.epw</value>
          <display_name>CAN_BC_Summerland.717680_CWEC.epw</display_name>
        </choice>
        <choice>
          <value>CAN_SK_Swift.Current.718700_CWEC.epw</value>
          <display_name>CAN_SK_Swift.Current.718700_CWEC.epw</display_name>
        </choice>
        <choice>
          <value>CAN_NS_Sydney.717070_CWEC.epw</value>
          <display_name>CAN_NS_Sydney.717070_CWEC.epw</display_name>
        </choice>
        <choice>
          <value>CAN_MB_The.Pas.718670_CWEC.epw</value>
          <display_name>CAN_MB_The.Pas.718670_CWEC.epw</display_name>
        </choice>
        <choice>
          <value>CAN_ON_Thunder.Bay.717490_CWEC.epw</value>
          <display_name>CAN_ON_Thunder.Bay.717490_CWEC.epw</display_name>
        </choice>
        <choice>
          <value>CAN_ON_Timmins.717390_CWEC.epw</value>
          <display_name>CAN_ON_Timmins.717390_CWEC.epw</display_name>
        </choice>
        <choice>
          <value>CAN_ON_Toronto.716240_CWEC.epw</value>
          <display_name>CAN_ON_Toronto.716240_CWEC.epw</display_name>
        </choice>
        <choice>
          <value>CAN_ON_Trenton.716210_CWEC.epw</value>
          <display_name>CAN_ON_Trenton.716210_CWEC.epw</display_name>
        </choice>
        <choice>
          <value>CAN_NS_Truro.713980_CWEC.epw</value>
          <display_name>CAN_NS_Truro.713980_CWEC.epw</display_name>
        </choice>
        <choice>
          <value>CAN_PQ_Val.d.Or.717250_CWEC.epw</value>
          <display_name>CAN_PQ_Val.d.Or.717250_CWEC.epw</display_name>
        </choice>
        <choice>
          <value>CAN_BC_Vancouver.718920_CWEC.epw</value>
          <display_name>CAN_BC_Vancouver.718920_CWEC.epw</display_name>
        </choice>
        <choice>
          <value>CAN_BC_Victoria.717990_CWEC.epw</value>
          <display_name>CAN_BC_Victoria.717990_CWEC.epw</display_name>
        </choice>
        <choice>
          <value>CAN_YT_Whitehorse.719640_CWEC.epw</value>
          <display_name>CAN_YT_Whitehorse.719640_CWEC.epw</display_name>
        </choice>
        <choice>
          <value>CAN_ON_Windsor.715380_CWEC.epw</value>
          <display_name>CAN_ON_Windsor.715380_CWEC.epw</display_name>
        </choice>
        <choice>
          <value>CAN_MB_Winnipeg.718520_CWEC.epw</value>
          <display_name>CAN_MB_Winnipeg.718520_CWEC.epw</display_name>
        </choice>
      </choices>
    </argument>
  </arguments>
  <outputs/>
  <provenances/>
  <tags>
    <tag>Whole Building.Space Types</tag>
  </tags>
  <attributes>
    <attribute>
      <name>Measure Type</name>
      <value>ModelMeasure</value>
      <datatype>string</datatype>
    </attribute>
    <attribute>
      <name>Uses SketchUp API</name>
      <value>false</value>
      <datatype>boolean</datatype>
    </attribute>
  </attributes>
  <files>
    <file>
      <filename>measure.rb</filename>
      <filetype>rb</filetype>
      <usage_type></usage_type>
      <checksum>794CDEDB</checksum>
    </file>
    <file>
      <filename>create_DOE_prototype_building_test.rb</filename>
      <filetype>rb</filetype>
      <usage_type>test</usage_type>
      <checksum>F1B08ADE</checksum>
    </file>
    <file>
      <filename>legacy_idf_results.json</filename>
      <filetype>json</filetype>
      <usage_type>test</usage_type>
      <checksum>D6C32D5E</checksum>
    </file>
  </files>
</measure>
