name,_id,run_start_time,run_end_time,status,status_message,adjust_thermostat_setpoints_by_degrees.cooling_adjustment,adjust_thermostat_setpoints_by_degrees.heating_adjustment,change_electric_baseboard.nom_cap,change_exterior_wall_thermal_properties.r_value_mult,change_exterior_wall_thermal_properties.solar_abs_mult,change_exterior_wall_thermal_properties.thermal_mass_mult,change_roof_thermal_properties.r_value_mult,change_roof_thermal_properties.solar_abs_mult,change_roof_thermal_properties.thermal_mass_mult,improve_fan_belt_efficiency.fan_eff,improve_fan_belt_efficiency.motor_eff,reduce_electric_equipment_loads_by_percentage.elecequip_power_reduction_percent,reduce_space_infiltration_by_percentage.space_infiltration_reduction_percent,set_co_pfor_single_speed_dx_cooling_units.cop,set_gas_burner_efficiency_diag.eff,CalibrationReportsEnhanced20.electricity_consumption_actual,CalibrationReportsEnhanced20.electricity_consumption_cvrmse,CalibrationReportsEnhanced20.electricity_consumption_modeled,CalibrationReportsEnhanced20.electricity_consumption_nmbe,CalibrationReportsEnhanced20.electricity_cvrmse_within_limit,CalibrationReportsEnhanced20.electricity_nmbe_within_limit,CalibrationReportsEnhanced20.electricity_rmse,CalibrationReportsEnhanced20.natural_gas_consumption_actual,CalibrationReportsEnhanced20.natural_gas_consumption_cvrmse,CalibrationReportsEnhanced20.natural_gas_consumption_modeled,CalibrationReportsEnhanced20.natural_gas_consumption_nmbe,CalibrationReportsEnhanced20.natural_gas_cvrmse_within_limit,CalibrationReportsEnhanced20.natural_gas_nmbe_within_limit,CalibrationReportsEnhanced20.natural_gas_rmse,OpenStudioResults.electricity_ip,OpenStudioResults.eui,OpenStudioResults.natural_gas_ip
API Generated 2017-03-31 14:51:07 +0000,028eb865-0793-4864-8538-440763f2ee1b,2017-03-31T14:51:09.992Z,2017-03-31T14:51:43.561Z,completed,completed normal,-0.515141949623142,2.62336619290458,1499.99981333273,2.28530643199652,1.71397132719466,1.62364684414492,2.19924605990672,2.16465438017751,1.69085557004603,2.79320657582265,-3.0,-29.1060949268334,49.7436778170291,5.0,0.78,18378.0,44.92342764020672,26142.80731200255,-46.09151640995196,0.0,0.0,658.7120467707242,233.0,57.50024714281305,321.3390584051288,-41.70513486937412,0.0,0.0,11.612790858063802,26217.21395318889,146.29077294325103,39.99748863922851
API Generated 2017-03-31 14:51:08 +0000,0805ed27-da62-4bc5-9e73-6002e7ba2a9a,2017-03-31T14:51:12.806Z,2017-03-31T14:51:45.910Z,completed,completed normal,-0.515141949623142,2.62336619290458,1499.99981333273,2.28530643199652,1.71397132719466,1.62364684414492,2.19924605990672,2.16465438017751,1.69085557004603,2.79320657582265,-3.0,0.89390507316657,49.7436778170291,5.0,0.78,18378.0,23.902601601720708,22293.852000741525,-23.244305943320732,0.0,0.0,350.48375538741914,233.0,80.08035729809745,367.4125215050886,-63.4565552169946,0.0,0.0,16.173085983997623,22356.873193647225,137.4756238634227,45.36467177969257
API Generated 2017-03-31 14:51:07 +0000,09e50838-437c-4a8c-8cdd-fa5c94481172,2017-03-31T14:51:09.527Z,2017-03-31T14:51:42.229Z,completed,completed normal,-0.515141949623142,2.62336619290458,1499.99981333273,2.28530643199652,1.71397132719466,1.62364684414492,2.19924605990672,2.16465438017751,1.69085557004603,2.79320657582265,-2.9966,0.89390507316657,49.7436778170291,5.0,0.78,18378.0,23.902601601720708,22293.852000741525,-23.244305943320732,0.0,0.0,350.48375538741914,233.0,80.08035729809745,367.4125215050886,-63.4565552169946,0.0,0.0,16.173085983997623,22356.873193647225,137.4756238634227,45.36467177969257
API Generated 2017-03-31 14:51:07 +0000,0c5ce7b1-f3e7-4b93-8f94-7b5b4ad9f319,2017-03-31T14:51:10.299Z,2017-03-31T14:51:44.618Z,completed,completed normal,-0.515141949623142,2.62336619290458,1499.99981333273,2.28530643199652,1.71397132719466,1.62364684414492,2.19924605990672,2.16465438017751,1.69085557004603,2.79320657582265,-3.0,0.89390507316657,49.7436778170291,5.0,0.78,18378.0,23.902601601720527,22293.85200074149,-23.24430594332055,0.0,0.0,350.48375538741647,233.0,80.08035729809811,367.4125215050909,-63.456555216995696,0.0,0.0,16.173085983997755,22356.873193647225,137.4756238634227,45.36467177969257
API Generated 2017-03-31 14:49:47 +0000,0ca80405-3638-4e87-a06b-42a6b2f0b624,2017-03-31T14:49:51.007Z,2017-03-31T14:50:24.534Z,completed,completed normal,-2.0,-1.05,1500.0,2.5,2.3,1.75,2.25,2.25,0.75,2.5,-3.0,0.0,50.0,3.5,0.88,18378.0,28.106875977791585,23152.702810158753,-28.342402339707068,0.0,0.0,412.13101439952356,233.0,29.282318448325768,222.13970708034455,5.127176914858783,0.0,0.0,5.913877885342851,23216.199829908335,121.14135612741026,27.977838015056804
API Generated 2017-03-31 14:51:07 +0000,12cb5451-0dac-4eac-bb0a-add9617cbe22,2017-03-31T14:51:12.301Z,2017-03-31T14:51:46.325Z,completed,completed normal,-0.515141949623142,2.62336619290458,1499.99981333273,2.28530643199652,1.71397132719466,1.62364684414492,2.19924605990672,2.16465438017751,2.69085557004603,2.79320657582265,-3.0,0.89390507316657,49.7436778170291,5.0,0.78,18378.0,23.8667399053398,22287.75852059539,-23.208135343219027,0.0,0.0,349.9579154712638,233.0,79.87769167218742,366.930713715091,-63.229092311845505,0.0,0.0,16.132155489873547,22350.77241643056,137.38993590152887,45.31587021428526
API Generated 2017-03-31 14:51:07 +0000,13794e89-e691-4273-b45d-f1e5b0a41701,2017-03-31T14:51:09.693Z,2017-03-31T14:51:42.444Z,completed,completed normal,0.484858050376858,2.62336619290458,1499.99981333273,2.28530643199652,1.71397132719466,1.62364684414492,2.19924605990672,2.16465438017751,1.69085557004603,2.79320657582265,-3.0,0.89390507316657,49.7436778170291,5.0,0.78,18378.0,23.35139467513734,22155.76109464126,-22.424605079044692,0.0,0.0,342.40141034215895,233.0,79.85933492311726,367.34547224636634,-63.42490106051631,0.0,0.0,16.12844814775976,22218.782998352777,136.92936310634948,45.35378731761269
API Generated 2017-03-31 14:49:47 +0000,1671afaf-05e0-432a-a6b8-32fe22b1559b,2017-03-31T14:49:51.706Z,2017-03-31T14:50:26.599Z,completed,completed normal,-2.0,-0.05,1500.0,2.5,2.3,1.75,2.25,2.25,1.75,2.5,-3.0,0.0,50.0,3.5,0.88,18378.0,28.24241150995619,23179.830477746866,-28.503430847635208,0.0,0.0,414.1183713865581,233.0,27.4848307623974,245.86700043773985,-6.074549562881452,0.0,0.0,5.550855992327557,23243.327347708335,124.45105365555965,30.814682118150934
API Generated 2017-03-31 14:51:07 +0000,1df70541-a21a-40f6-9e54-122f2400ba63,2017-03-31T14:51:12.385Z,2017-03-31T14:51:45.022Z,completed,completed normal,-0.515141949623142,2.62336619290458,1499.99981333273,2.28530643199652,1.71397132719466,1.62364684414492,2.19924605990672,2.16465438017751,1.69085557004603,2.79320657582265,-3.0,0.89390507316657,79.7436778170291,5.0,0.78,18378.0,22.238488362355852,21936.203596622854,-21.12132250985578,0.0,0.0,326.08286935664785,233.0,48.13315703643488,175.95121859975063,26.932901090246496,0.0,0.0,9.721006670009151,21998.645473308337,109.8841001336076,22.17705829300516
API Generated 2017-03-31 14:51:07 +0000,1e4a862b-8569-4ccf-b31e-f9eda7fba920,2017-03-31T14:51:10.652Z,2017-03-31T14:51:43.355Z,completed,completed normal,-0.515141949623142,2.62336619290458,1499.99981333273,2.28530643199652,1.71397132719466,1.62364684414492,2.19924605990672,2.16465438017751,1.69085557004603,2.79320657582265,-3.0,0.89390507316657,49.7436778170291,5.0,0.78,18378.0,23.902601601720527,22293.85200074149,-23.24430594332055,0.0,0.0,350.48375538741647,233.0,80.08035729809811,367.4125215050909,-63.456555216995696,0.0,0.0,16.173085983997755,22356.873193647225,137.4756238634227,45.36467177969257
API Generated 2017-03-31 14:51:07 +0000,1ece1d75-22b4-42ab-88ef-577c9a00bb72,2017-03-31T14:51:10.532Z,2017-03-31T14:51:44.330Z,completed,completed normal,-0.515141949623142,2.62336619290458,1499.99981333273,2.28530643199652,1.71397132719466,1.62364684414492,1.19924605990672,2.16465438017751,1.69085557004603,2.79320657582265,-3.0,0.89390507316657,49.7436778170291,5.0,0.78,18378.0,24.010389934010945,22317.162117655258,-23.382673657170695,0.0,0.0,352.06425528937575,233.0,81.42787518739709,369.4676002330332,-64.42676405851351,0.0,0.0,16.44523165646874,22380.18831467222,137.88264168241838,45.647164978057255
API Generated 2017-03-31 14:51:07 +0000,1fbcdc72-08c8-4f65-a6ad-b8eb5e1195ad,2017-03-31T14:51:10.017Z,2017-03-31T14:51:43.243Z,completed,completed normal,-0.515141949623142,2.62336619290458,1499.99981333273,2.28530643199652,1.71397132719466,1.62364684414492,2.19924605990672,2.16465438017751,1.69085557004603,2.79320657582265,-3.0,0.89390507316657,19.7436778170291,5.0,0.78,18378.0,29.50034095733829,23346.44375129021,-29.492439089960595,0.0,0.0,432.5633860371458,233.0,184.1299412304762,550.5990793089076,-149.9394795020594,0.0,0.0,37.187014047197195,23411.676428786115,166.36317801688205,67.33333286229033
API Generated 2017-03-31 14:49:47 +0000,231eb3d8-9ebd-4958-a349-4c2e0352fdbc,2017-03-31T14:49:51.269Z,2017-03-31T14:50:26.931Z,completed,completed normal,-2.0,-1.05,1500.0,2.5,2.3,1.75,2.25,2.25,1.75,2.5,-3.0034,0.0,50.0,3.5,0.88,18378.0,28.14392395564779,23158.397118718964,-28.376203476799127,0.0,0.0,412.6742487563903,233.0,29.338412187665508,221.66696281423398,5.3503609031513335,0.0,0.0,5.925206616883452,23221.928810233338,121.10922314170006,27.928599190589832
API Generated 2017-03-31 14:49:47 +0000,26daf271-6e4b-4ea5-9883-6c6dd4760255,2017-03-31T14:49:51.838Z,2017-03-31T14:50:27.994Z,completed,completed normal,-2.0,-1.05,1500.0,2.5,3.3,1.75,2.25,2.25,1.75,2.5,-3.0,0.0,50.0,3.5,0.88,18378.0,28.14392395564779,23158.397118718964,-28.376203476799127,0.0,0.0,412.6742487563903,233.0,29.338412187665508,221.66696281423398,5.3503609031513335,0.0,0.0,5.925206616883452,23221.928810233338,121.10922314170006,27.928599190589832
API Generated 2017-03-31 14:49:48 +0000,2c467e61-15f2-4bb7-9a76-68ea4b1c76a8,2017-03-31T14:49:51.921Z,2017-03-31T14:50:28.040Z,completed,completed normal,-2.0,-1.05,1500.0,2.5,2.3,1.75,2.25,2.25,1.75,2.5055,-3.0,0.0,50.0,3.5,0.88,18378.0,28.142876917142402,23158.20805622049,-28.375081211055658,0.0,0.0,412.6588960348114,233.0,29.33794231461829,221.6690556104297,5.349372887779984,0.0,0.0,5.925111720988244,23221.73403693611,121.09851214646335,27.928868367808548
API Generated 2017-03-31 14:51:07 +0000,2dd1dcce-3f70-4c03-b36f-3dd65aaa898d,2017-03-31T14:51:11.857Z,2017-03-31T14:51:44.811Z,completed,completed normal,-0.515141949623142,2.62336619290458,1499.99981333273,2.28530643199652,1.71397132719466,1.62364684414492,2.19924605990672,2.16465438017751,1.69085557004603,2.79320657582265,-3.0,0.89390507316657,49.7436778170291,5.0,0.78,18378.0,23.902601601720708,22293.852000741525,-23.244305943320732,0.0,0.0,350.48375538741914,233.0,80.08035729809745,367.4125215050886,-63.4565552169946,0.0,0.0,16.173085983997623,22356.873193647225,137.4756238634227,45.36467177969257
API Generated 2017-03-31 14:51:07 +0000,3005a1c7-3a4c-4c06-8aa4-c430f91ab6e7,2017-03-31T14:51:12.267Z,2017-03-31T14:51:45.514Z,completed,completed normal,-0.515141949623142,2.62336619290458,1499.99981333273,2.28530643199652,1.71397132719466,1.62364684414492,2.19924605990672,3.16465438017751,1.69085557004603,2.79320657582265,-3.0,0.89390507316657,49.7436778170291,5.0,0.78,18378.0,23.902601601720527,22293.85200074149,-23.24430594332055,0.0,0.0,350.48375538741647,233.0,80.08035729809811,367.4125215050909,-63.456555216995696,0.0,0.0,16.173085983997755,22356.873193647225,137.4756238634227,45.36467177969257
API Generated 2017-03-31 14:49:47 +0000,3190ee81-0917-49a4-848f-345d50aaf71d,2017-03-31T14:49:49.333Z,2017-03-31T14:50:25.005Z,completed,completed normal,-2.0,-1.05,1500.0,2.5,1.3,1.75,2.25,2.25,1.75,2.5,-3.0,0.0,50.0,3.5,0.88,18378.0,27.74871615878136,23089.29108784443,-27.96599345765845,0.0,0.0,406.8793183503979,233.0,28.421855286041158,225.89558393755652,3.3540161668187847,0.0,1.0,5.740098132364374,23152.75484780278,121.3984200130918,28.425723702849098
API Generated 2017-03-31 14:49:47 +0000,3c114ec9-1af8-44fc-ac56-2cd2052c17c3,2017-03-31T14:49:49.597Z,2017-03-31T14:50:25.023Z,completed,completed normal,-2.0,-1.05,1500.0,2.5,2.3,1.75,2.25,2.25,1.75,2.5,-3.0,0.0,50.0,5.0,0.88,18378.0,25.072822699844906,22552.577057628576,-24.780085226180955,0.0,0.0,367.64270285005153,233.0,29.338412187665508,221.66696281423398,5.3503609031513335,0.0,0.0,5.925206616883452,22616.05550747778,118.76351518485633,27.928599190589832
API Generated 2017-03-31 14:49:47 +0000,3cf1e5bf-08b6-44ce-8758-57215d00fbed,2017-03-31T14:49:50.021Z,2017-03-31T14:50:25.622Z,completed,completed normal,-2.0,-1.05,1500.0,2.5,2.3,1.75,2.25,2.25,1.75,2.5,-3.0,0.0,50.0,3.5,0.88,18378.0,28.14392395564779,23158.397118718964,-28.376203476799127,0.0,0.0,412.6742487563903,233.0,29.338412187665508,221.66696281423398,5.3503609031513335,0.0,0.0,5.925206616883452,23221.928810233338,121.10922314170006,27.928599190589832
API Generated 2017-03-31 14:51:07 +0000,3e32251c-5932-494a-ab88-de09ea72cbb3,2017-03-31T14:51:12.001Z,2017-03-31T14:51:45.219Z,completed,completed normal,-0.515141949623142,2.62336619290458,1499.99981333273,1.28530643199652,1.71397132719466,1.62364684414492,2.19924605990672,2.16465438017751,1.69085557004603,2.79320657582265,-3.0,0.89390507316657,49.7436778170291,5.0,0.78,18378.0,24.694517819329008,22454.770705364957,-24.199511503071598,0.0,0.0,362.0956198415201,233.0,88.43967103175613,382.1659331988164,-70.42168520115793,0.0,0.0,17.86133893819475,22518.03051498889,140.12123968689488,47.16215159123108
API Generated 2017-03-31 14:49:47 +0000,3e4c5bca-cd97-434f-82d1-cf8c538c5247,2017-03-31T14:49:51.917Z,2017-03-31T14:50:27.708Z,completed,completed normal,-2.0,-1.05,1500.0,2.5,2.3,0.75,2.25,2.25,1.75,2.5,-3.0,0.0,50.0,3.5,0.88,18378.0,28.337305863274217,23193.742773358474,-28.586013553904213,0.0,0.0,415.5098069244189,233.0,28.931875618109725,226.02136201887734,3.294635956753198,0.0,1.0,5.843102201807106,23257.275550519447,121.7733048463773,28.401030283277706
API Generated 2017-03-31 14:49:47 +0000,4f1c620b-7146-47ff-8d38-66ced14772d8,2017-03-31T14:49:49.457Z,2017-03-31T14:50:23.893Z,completed,completed normal,-2.0,-1.05,1500.0,2.5,2.3,1.75,2.25,1.25,1.75,2.5,-3.0,0.0,50.0,3.5,0.88,18378.0,28.08144504091174,23147.520844680283,-28.311642446088396,0.0,0.0,411.75812066982905,233.0,29.2151430391618,222.19466609614943,5.1012305983844035,0.0,0.0,5.90031109187345,23211.034998855557,121.13064513217354,27.988476739302655
API Generated 2017-03-31 14:51:07 +0000,5aa78dec-ed9e-43f3-9245-a306794e335e,2017-03-31T14:51:10.898Z,2017-03-31T14:51:43.493Z,completed,completed normal,-0.515141949623142,2.62336619290458,1499.99981333273,2.28530643199652,1.71397132719466,0.623646844144915,2.19924605990672,2.16465438017751,1.69085557004603,2.79320657582265,-3.0,0.89390507316657,49.7436778170291,5.0,0.78,18378.0,24.165373121741563,22341.927184001794,-23.52967787968894,0.0,0.0,354.33677317520414,233.0,82.16355811606499,372.12996055648466,-65.68367236572237,0.0,0.0,16.593810704611776,22404.985005825,138.214682534757,45.859141415053095
API Generated 2017-03-31 14:51:07 +0000,5b272d41-10ee-481e-b541-62f67727cb41,2017-03-31T14:51:12.741Z,2017-03-31T14:51:46.074Z,completed,completed normal,-0.515141949623142,2.62336619290458,0.0,2.28530643199652,1.71397132719466,1.62364684414492,2.19924605990672,2.16465438017751,1.69085557004603,2.79320657582265,-3.0,0.89390507316657,49.7436778170291,5.0,0.78,18378.0,22.751115043297876,22062.457040339934,-21.870756776422034,0.0,0.0,333.599512408399,233.0,81.15235815215127,368.63613631182494,-64.03422744335083,0.0,0.0,16.389588039838767,22125.47839370278,136.790120168272,45.55005059116905
API Generated 2017-03-31 14:51:07 +0000,5b59dbd8-2190-49c4-9dac-508f81969d87,2017-03-31T14:51:10.035Z,2017-03-31T14:51:43.380Z,completed,completed normal,-0.515141949623142,2.62336619290458,1499.99981333273,2.28530643199652,0.713971327194663,1.62364684414492,2.19924605990672,2.16465438017751,1.69085557004603,2.79320657582265,-3.0,0.89390507316657,49.7436778170291,5.0,0.78,18378.0,23.60955036885814,22227.652879619807,-22.851351198289308,0.0,0.0,346.1867462866528,233.0,85.08355422887963,377.28005761083926,-68.11504865747774,0.0,0.0,17.18353519884317,22290.580321908335,138.5038794061487,46.49975531155118
API Generated 2017-03-31 14:49:47 +0000,5bdff4e9-3538-4763-b69d-ccdd0c369984,2017-03-31T14:49:49.239Z,2017-03-31T14:50:25.500Z,completed,completed normal,-2.0,-1.05,1500.0,2.5,2.3,1.75,2.25,2.25,1.75,2.5,-3.0,0.0,50.0,3.5,0.98,18378.0,28.14392395564779,23158.397118718964,-28.376203476799127,0.0,0.0,412.6742487563903,233.0,35.92061023931911,199.04788497604687,16.02889550487058,0.0,0.0,7.254552022484238,23221.928810233338,117.88521357544452,25.07876159711701
API Generated 2017-03-31 14:49:47 +0000,5d0befc9-96e5-485a-9995-05f52acce186,2017-03-31T14:49:49.456Z,2017-03-31T14:50:25.504Z,completed,completed normal,-2.0,-1.05,1500.0,3.5,2.3,1.75,2.25,2.25,1.75,2.5,-3.0,0.0,50.0,3.5,0.88,18378.0,27.783511106731524,23091.301187904,-27.977925313293532,0.0,0.0,407.3895165384146,233.0,30.024818185002783,217.75755945598607,7.196001973568815,0.0,0.0,6.063833660885553,23154.769431905555,120.29518750370863,27.444988215205985
API Generated 2017-03-31 14:49:47 +0000,6315a877-5dc7-4074-8068-6c21f4d40196,2017-03-31T14:49:51.920Z,2017-03-31T14:50:27.353Z,completed,completed normal,-2.0,-2.05,1500.0,2.5,2.3,1.75,2.25,2.25,1.75,2.5,-3.0,0.0,50.0,3.5,0.88,18378.0,28.05087411348454,23136.656463040687,-28.247152008076952,0.0,0.0,411.3098592785004,233.0,36.56405348449546,199.18359014053846,15.964828689016176,0.0,0.0,7.384502278466761,23200.205368180556,117.97090153733835,25.227375827767105
API Generated 2017-03-31 14:51:07 +0000,6529c1f2-f040-4579-848d-7eac16ab487f,2017-03-31T14:51:09.568Z,2017-03-31T14:51:42.423Z,completed,completed normal,-0.515141949623142,2.62336619290458,1499.99981333273,2.28530643199652,2.71397132719466,1.62364684414492,2.19924605990672,2.16465438017751,1.69085557004603,2.79320657582265,-3.0,0.89390507316657,49.7436778170291,5.0,0.78,18378.0,23.991304738636362,22313.251384152558,-23.359459734381335,0.0,0.0,351.78440914297533,233.0,78.73432495236892,364.73103953714053,-62.19061952397191,0.0,0.0,15.901240332963962,22376.29817621667,137.19713798726772,45.05640532921761
API Generated 2017-03-31 14:51:07 +0000,67509933-b663-489d-a354-ce417f238be7,2017-03-31T14:51:12.451Z,2017-03-31T14:51:46.414Z,completed,completed normal,-0.515141949623142,2.62336619290458,1499.99981333273,3.28530643199652,1.71397132719466,1.62364684414492,2.19924605990672,2.16465438017751,1.69085557004603,2.79320657582265,-3.0,0.89390507316657,49.7436778170291,5.0,0.78,18378.0,23.641492115508715,22241.64926246566,-22.934433042267887,0.0,0.0,346.6551079949833,233.0,76.39994579128435,360.75679769987624,-60.31436801281714,0.0,0.0,15.4297874553134,22304.631269138892,136.35096936356612,44.554317970615195
API Generated 2017-03-31 14:49:47 +0000,75f5dc10-8a10-4bfd-b25f-24d2caa28f3c,2017-03-31T14:49:49.527Z,2017-03-31T14:50:25.224Z,completed,completed normal,-2.0,-1.05,1500.0,2.5,2.3,1.75,2.25,3.25,1.75,2.5,-3.0,0.0,50.0,3.5,0.88,18378.0,28.14392395564779,23158.397118718964,-28.376203476799127,0.0,0.0,412.6742487563903,233.0,29.338412187665508,221.66696281423398,5.3503609031513335,0.0,0.0,5.925206616883452,23221.928810233338,121.10922314170006,27.928599190589832
API Generated 2017-03-31 14:51:07 +0000,78281d08-6912-4aec-939d-876b502e2fbd,2017-03-31T14:51:10.255Z,2017-03-31T14:51:42.873Z,completed,completed normal,-0.515141949623142,3.62336619290458,1499.99981333273,2.28530643199652,1.71397132719466,1.62364684414492,2.19924605990672,2.16465438017751,1.69085557004603,2.79320657582265,-3.0,0.89390507316657,49.7436778170291,5.0,0.78,18378.0,24.110433820557954,22330.694363441464,-23.4630004062652,0.0,0.0,353.53119841317465,233.0,98.3585899497761,401.90849430379984,-79.74220761123598,0.0,0.0,19.864570865997955,22393.708099875,142.15632878187347,49.38474190855581
API Generated 2017-03-31 14:49:47 +0000,796c022c-ed83-42a2-a32c-b8b79271a8b5,2017-03-31T14:49:51.709Z,2017-03-31T14:50:27.700Z,completed,completed normal,-2.0,-1.05,1500.0,2.5,2.3,1.75,2.25,2.25,1.75,2.5,-3.0,0.0,50.0,3.5,0.78,18378.0,28.14392395564779,23158.397118718964,-28.376203476799127,0.0,0.0,412.6742487563903,233.0,30.34524315120782,250.0858042006742,-8.066259493880533,0.0,0.0,6.128546915230349,23221.928810233338,125.1472683459471,31.50920601262567
API Generated 2017-03-31 14:49:47 +0000,7bd0e86e-6f49-46c6-a0c2-1da07400ef44,2017-03-31T14:49:49.677Z,2017-03-31T14:50:24.557Z,completed,completed normal,-2.0,-1.05,1500.0,2.5,2.3,1.75,1.25,2.25,1.75,2.5,-3.0,0.0,50.0,3.5,0.88,18378.0,28.264107410569007,23180.98506973737,-28.510284449217156,0.0,0.0,414.43649829382935,233.0,29.04136195782174,223.32486989139875,4.56765799118515,0.0,1.0,5.865214140938995,23244.53944181389,121.44126399403866,28.15306740096172
API Generated 2017-03-31 14:51:07 +0000,8588be7d-a686-4df8-be5b-e84c0cd051f0,2017-03-31T14:51:11.629Z,2017-03-31T14:51:44.431Z,completed,completed normal,-0.515141949623142,2.62336619290458,1499.99981333273,2.28530643199652,1.71397132719466,1.62364684414492,2.19924605990672,2.16465438017751,1.69085557004603,2.79320657582265,-3.0034,0.89390507316657,49.7436778170291,5.0,0.78,18378.0,23.902601601720708,22293.852000741525,-23.244305943320732,0.0,0.0,350.48375538741914,233.0,80.08035729809745,367.4125215050886,-63.4565552169946,0.0,0.0,16.173085983997623,22356.873193647225,137.4756238634227,45.36467177969257
API Generated 2017-03-31 14:49:47 +0000,893aca7e-0b8a-44cc-9202-40a2cfe0d4bf,2017-03-31T14:49:49.522Z,2017-03-31T14:50:24.495Z,completed,completed normal,-2.0,-1.05,1500.0,2.5,2.3,2.75,2.25,2.25,1.75,2.5,-3.0,0.0,50.0,3.5,0.88,18378.0,27.93921746721989,23120.862629256295,-28.153400583244597,0.0,0.0,409.67263830360946,233.0,29.59449176522111,218.91832026690406,6.648003307470199,0.0,0.0,5.976924630717177,23184.36833924722,120.61651736081052,27.62719595255241
API Generated 2017-03-31 14:49:47 +0000,8c683666-9e80-4b79-89ae-6bff31b405d9,2017-03-31T14:49:51.510Z,2017-03-31T14:50:27.290Z,completed,completed normal,-3.0,-1.05,1500.0,2.5,2.3,1.75,2.25,2.25,1.75,2.5,-3.0,0.0,50.0,3.5,0.88,18378.0,29.485023836179934,23391.267466943296,-29.758510473649103,0.0,0.0,432.33879114849077,233.0,29.33752224769809,221.61879915330485,5.37309911217366,0.0,0.0,5.925026883973919,23454.79671656111,121.99823574634861,27.92886149748033
API Generated 2017-03-31 14:49:47 +0000,8d760d89-e202-403d-8955-07a41687555d,2017-03-31T14:49:49.598Z,2017-03-31T14:50:24.956Z,completed,completed normal,-2.0,-1.05,1500.0,1.5,2.3,1.75,2.25,2.25,1.75,2.5,-3.0,0.0,50.0,3.5,0.88,18378.0,28.705387728495495,23263.34623688261,-28.999176308922415,0.0,0.0,420.9069898989899,233.0,28.250287265060837,229.92530752771793,1.451571553437906,0.0,1.0,5.7054481326760635,23326.941953327776,122.65160645578912,28.943043170112016
API Generated 2017-03-31 14:51:07 +0000,93aefe20-39cf-41cc-b343-96877f8388d0,2017-03-31T14:51:08.277Z,2017-03-31T14:51:43.304Z,completed,completed normal,-1.51514194962314,2.62336619290458,1499.99981333273,2.28530643199652,1.71397132719466,1.62364684414492,2.19924605990672,2.16465438017751,1.69085557004603,2.79320657582265,-3.0,0.89390507316657,49.7436778170291,5.0,0.78,18378.0,24.55602095429465,22443.319377697833,-24.131536982149605,0.0,0.0,360.06484084200184,233.0,80.41609290149655,367.70337654158095,-63.59386875353602,0.0,0.0,16.240891385532617,22506.34281115278,138.08615059191627,45.399678899048645
API Generated 2017-03-31 14:49:47 +0000,94ad3cde-45c3-4989-9948-da2031e32f7a,2017-03-31T14:49:49.526Z,2017-03-31T14:50:24.659Z,completed,completed normal,-2.0,-1.05,1500.0,2.5,2.3,1.75,2.25,2.25,1.75,2.5,-3.0,-30.0,50.0,3.5,0.88,18378.0,50.80477207027687,27185.10136369639,-52.2785229198729,0.0,0.0,744.950177536769,233.0,41.11700502648548,190.27479893985657,20.170695779466865,0.0,0.0,8.304019613978555,27260.023100597227,132.44145610215983,24.18427476125288
API Generated 2017-03-31 14:51:07 +0000,974b257a-612b-4b28-9127-d68787482d32,2017-03-31T14:51:10.539Z,2017-03-31T14:51:43.623Z,completed,completed normal,-0.515141949623142,2.62336619290458,1499.99981333273,2.28530643199652,1.71397132719466,1.62364684414492,3.19924605990672,2.16465438017751,1.69085557004603,2.79320657582265,-3.0,0.89390507316657,49.7436778170291,5.0,0.78,18378.0,23.811304478830877,22275.382716933193,-23.134673178008466,0.0,0.0,349.1450660254967,233.0,79.42406555005796,366.2982447072551,-62.93050179312472,0.0,0.0,16.040540835227624,22338.38402867778,137.23998196821464,45.2196742676366
API Generated 2017-03-31 14:49:10 +0000,984539ed-3a5f-4588-8b33-29f9d2e14fb7,2017-03-31T14:49:10.703Z,2017-03-31T14:49:40.984Z,completed,completed normal,-2.0,-1.05,1500.0,2.5,2.3,1.75,2.25,2.25,1.75,2.5,-3.0,0.0,50.0,3.5,0.88,18378.0,28.14392395564779,23158.397118718964,-28.376203476799127,0.0,0.0,412.6742487563903,233.0,29.338412187665508,221.66696281423398,5.3503609031513335,0.0,0.0,5.925206616883452,23221.928810233338,121.10922314170006,27.928599190589832
API Generated 2017-03-31 14:49:47 +0000,9cbb7412-30a1-4fc5-b0d8-81aea0c2090a,2017-03-31T14:49:51.706Z,2017-03-31T14:50:27.566Z,completed,completed normal,-2.0,-1.05,1500.0,2.5,2.3,1.75,2.25,2.25,1.75,2.5,-3.0,0.0,50.0,2.0,0.88,18378.0,37.902623566631924,24672.947271444933,-37.36649910334452,0.0,0.0,555.7660236328642,233.0,29.338412187665508,221.66696281423398,5.3503609031513335,0.0,0.0,5.925206616883452,24736.60462437778,126.94671554571762,27.928599190589832
API Generated 2017-03-31 14:51:07 +0000,9fb74f08-db32-4470-a929-9b898e45d3fd,2017-03-31T14:51:12.512Z,2017-03-31T14:51:46.381Z,completed,completed normal,-0.515141949623142,2.62336619290458,1499.99981333273,2.28530643199652,1.71397132719466,1.62364684414492,2.19924605990672,2.16465438017751,1.69085557004603,2.79870657582265,-3.0,0.89390507316657,49.7436778170291,5.0,0.78,18378.0,23.90166502862162,22293.67292191074,-23.243242940140338,0.0,0.0,350.47002241966806,233.0,80.08189323031183,367.4154666702408,-63.457945638311124,0.0,0.0,16.17339618196136,22356.691603083334,137.4756238634227,45.365023507583636
API Generated 2017-03-31 14:50:30 +0000,a68dbda0-492c-428f-ae2b-68bc462de458,2017-03-31T14:50:31.522Z,2017-03-31T14:51:00.881Z,completed,completed normal,-0.515141949623142,2.62336619290458,1499.99981333273,2.28530643199652,1.71397132719466,1.62364684414492,2.19924605990672,2.16465438017751,1.69085557004603,2.79320657582265,-3.0,0.89390507316657,49.7436778170291,5.0,0.78,18378.0,23.902601601720527,22293.85200074149,-23.24430594332055,0.0,0.0,350.48375538741647,233.0,80.08035729809811,367.4125215050909,-63.456555216995696,0.0,0.0,16.173085983997755,22356.873193647225,137.4756238634227,45.36467177969257
API Generated 2017-03-31 14:51:07 +0000,a84a6ffb-03a9-4710-bc47-fedbc19e4b6b,2017-03-31T14:51:07.859Z,2017-03-31T14:51:42.618Z,completed,completed normal,-0.515141949623142,1.62336619290458,1499.99981333273,2.28530643199652,1.71397132719466,1.62364684414492,2.19924605990672,2.16465438017751,1.69085557004603,2.79320657582265,-3.0,0.89390507316657,49.7436778170291,5.0,0.78,18378.0,23.742675740019706,22266.090370301918,-23.079514262914653,0.0,0.0,348.1387630921662,233.0,63.21897457695436,334.8165886948723,-48.06791740959637,0.0,0.0,12.767749122886766,22329.129301311114,133.0412718354167,41.54171398083874
API Generated 2017-03-31 14:49:47 +0000,b4753500-5414-4c83-b8bf-0e57ff754169,2017-03-31T14:49:49.746Z,2017-03-31T14:50:27.857Z,completed,completed normal,-2.0,-1.05,1500.0,2.5,2.3,1.75,3.25,2.25,1.75,2.5,-3.0,0.0,50.0,3.5,0.88,18378.0,28.022212655208524,23136.22141279146,-28.24456957107684,0.0,0.0,410.8895964259943,233.0,29.488551476922805,220.74056089852616,5.787718030738724,0.0,0.0,5.95552885465389,23199.728186727778,120.88429224172873,27.808725131329435
API Generated 2017-03-31 14:49:47 +0000,b5d08cf1-6f69-4419-8e1c-5432ee804c1b,2017-03-31T14:49:51.774Z,2017-03-31T14:50:27.335Z,completed,completed normal,-2.0,-1.05,1500.0,2.5,2.3,1.75,2.25,2.25,2.75,2.5,-3.0,0.0,50.0,3.5,0.88,18378.0,28.10747745209714,23151.740871743536,-28.336692320324907,0.0,0.0,412.1398338149534,233.0,29.401757517595907,221.1387471685566,5.599733096389582,0.0,0.0,5.937999884823496,23215.268696438892,121.01282418456951,27.871799380076315
API Generated 2017-03-31 14:51:07 +0000,b7c4cbf5-2c0c-4ed5-8188-89ae28625373,2017-03-31T14:51:12.601Z,2017-03-31T14:51:46.235Z,completed,completed normal,-0.515141949623142,2.62336619290458,2999.99962666547,2.28530643199652,1.71397132719466,1.62364684414492,2.19924605990672,2.16465438017751,1.69085557004603,2.79320657582265,-3.0,0.89390507316657,49.7436778170291,5.0,0.78,18378.0,24.37629932937173,22371.18072183123,-23.703325449388483,0.0,0.0,357.42958334673483,233.0,79.70989273845326,367.03692503522745,-63.27923499517177,0.0,0.0,16.098266697729382,22434.201800397226,137.71126575863073,45.31050403126667
API Generated 2017-03-31 14:49:47 +0000,b7f89ebe-abcd-4f32-af31-c68b51aefbb8,2017-03-31T14:49:49.881Z,2017-03-31T14:50:24.986Z,completed,completed normal,-2.0,-1.05,3000.0,2.5,2.3,1.75,2.25,2.25,1.75,2.5,-3.0,0.0,50.0,3.5,0.88,18378.0,28.217901575335183,23172.845131901646,-28.461966176366886,0.0,0.0,413.758982309444,233.0,29.26611483229253,221.55051762540833,5.405335026631275,0.0,0.0,5.910605391510415,23236.376641808332,121.14135612741026,27.916694607558696
API Generated 2017-03-31 14:51:07 +0000,bf8a094f-0665-4c37-9969-db49b6e7e076,2017-03-31T14:51:08.925Z,2017-03-31T14:51:41.353Z,completed,completed normal,-0.515141949623142,2.62336619290458,1499.99981333273,2.28530643199652,1.71397132719466,1.62364684414492,2.19924605990672,2.16465438017751,1.69085557004603,2.78770657582265,-3.0,0.89390507316657,49.7436778170291,5.0,0.78,18378.0,23.90358303375478,22294.038358119753,-23.24541215160271,0.0,0.0,350.4981461215614,233.0,80.0792569223236,367.4100160485346,-63.45537238342834,0.0,0.0,16.172863751322776,22357.059257472225,137.4756238634227,45.36437692116046
API Generated 2017-03-31 14:51:08 +0000,c07dcdfc-f43e-4700-814e-a52b949f54aa,2017-03-31T14:51:12.803Z,2017-03-31T14:51:45.759Z,completed,completed normal,-0.515141949623142,2.62336619290458,1499.99981333273,2.28530643199652,1.71397132719466,1.62364684414492,2.19924605990672,2.16465438017751,1.69085557004603,2.79320657582265,-3.0,0.89390507316657,49.7436778170291,5.0,0.78,18378.0,23.902601601720708,22293.852000741525,-23.244305943320732,0.0,0.0,350.48375538741914,233.0,80.08035729809745,367.4125215050886,-63.4565552169946,0.0,0.0,16.173085983997623,22356.873193647225,137.4756238634227,45.36467177969257
API Generated 2017-03-31 14:49:47 +0000,c2ed7f3e-7271-4fc8-80ce-ff030a2523da,2017-03-31T14:49:51.703Z,2017-03-31T14:50:26.823Z,completed,completed normal,-2.0,-1.05,1500.0,2.5,2.3,1.75,2.25,2.25,1.75,2.5,-3.0,30.0,50.0,3.5,0.88,18378.0,9.118430102509782,19426.11061149841,-6.221533324419966,1.0,0.0,133.70350553536625,233.0,28.4677832552201,256.31532425693166,-11.007234627735972,0.0,0.0,5.749373777724401,19478.865645213893,111.33008449056608,32.046933988202646
API Generated 2017-03-31 14:49:47 +0000,c4467c66-cb2a-4c9b-864c-94c53ad31a59,2017-03-31T14:49:49.519Z,2017-03-31T14:50:25.265Z,completed,completed normal,-2.0,-1.05,0.0,2.5,2.3,1.75,2.25,2.25,1.75,2.5,-3.0,0.0,50.0,3.5,0.88,18378.0,27.605799704391348,23025.47088010713,-27.587159826118963,0.0,0.0,404.78373492914966,233.0,29.806405526025774,222.4290850832088,4.990560690330606,0.0,1.0,6.0197228847500375,23088.996254319445,120.7236273131778,28.046554545285947
API Generated 2017-03-31 14:49:47 +0000,cf6687a6-7177-4405-92dd-08706f1c4c8b,2017-03-31T14:49:51.776Z,2017-03-31T14:50:28.009Z,completed,completed normal,-2.0,-1.05,1500.0,2.5,2.3,1.75,2.25,2.25,1.75,2.5,-3.0,0.0,20.0,3.5,0.88,18378.0,33.43265826449243,24131.7268868642,-34.153841372772995,0.0,0.0,490.22293959332075,233.0,75.58207804915135,354.8330208443934,-57.51773516258917,0.0,0.0,15.264610303720334,24197.35170773056,143.1845843245995,44.14393682636126
API Generated 2017-03-31 14:51:07 +0000,da298b51-c5f8-4a55-98d2-293c96e6b9e3,2017-03-31T14:51:12.321Z,2017-03-31T14:51:45.146Z,completed,completed normal,-0.515141949623142,2.62336619290458,1499.99981333273,2.28530643199652,1.71397132719466,2.62364684414491,2.19924605990672,2.16465438017751,1.69085557004603,2.79320657582265,-3.0,0.89390507316657,49.7436778170291,5.0,0.78,18378.0,23.74017408863805,22265.506885341565,-23.07605072472958,0.0,0.0,348.1020813875751,233.0,78.80822944099461,364.54511910174074,-62.10284592786042,0.0,0.0,15.916166136113134,22328.510737744447,137.01505106824334,45.06065410772434
API Generated 2017-03-31 14:49:47 +0000,e629e6da-0326-4b65-9670-380653196b4b,2017-03-31T14:49:51.706Z,2017-03-31T14:50:26.506Z,completed,completed normal,-2.0,-1.05,1500.0,2.5,2.3,1.75,2.25,2.25,1.75,2.5,-3.0,0.0,50.0,3.5,0.88,18378.0,28.14392395564779,23158.397118718964,-28.376203476799127,0.0,0.0,412.6742487563903,233.0,29.338412187665508,221.66696281423398,5.3503609031513335,0.0,0.0,5.925206616883452,23221.928810233338,121.10922314170006,27.928599190589832
API Generated 2017-03-31 14:49:49 +0000,e77bc712-5735-4281-a358-e6b388bde965,2017-03-31T14:49:51.927Z,2017-03-31T14:50:27.877Z,completed,completed normal,-1.0,-1.05,1500.0,2.5,2.3,1.75,2.25,2.25,1.75,2.5,-3.0,0.0,50.0,3.5,0.88,18378.0,26.941562942699605,22940.893342684973,-27.085111700857574,0.0,0.0,395.04403384626255,233.0,29.33934157582185,221.86516291307532,5.2567900410374,0.0,0.0,5.925394316777311,23004.420763105558,120.28447650847191,27.94515625539984
API Generated 2017-03-31 14:51:07 +0000,edba210d-2a04-4ba3-98ac-a7ec4ddf7638,2017-03-31T14:51:09.592Z,2017-03-31T14:51:42.568Z,completed,completed normal,-0.515141949623142,2.62336619290458,1499.99981333273,2.28530643199652,1.71397132719466,1.62364684414492,2.19924605990672,2.16465438017751,0.690855570046029,2.79320657582265,-3.0,0.89390507316657,49.7436778170291,5.0,0.78,18378.0,23.891069805884882,22290.374946962693,-23.22366632216004,0.0,0.0,350.31466470941484,233.0,80.20875666959272,367.74136627067196,-63.61180381877217,0.0,0.0,16.19901761249616,22353.376186036112,137.49704585389614,45.395421959267836
API Generated 2017-03-31 14:51:07 +0000,edfe3c11-0ab0-4282-98e5-0ccdcb9d9687,2017-03-31T14:51:10.053Z,2017-03-31T14:51:43.492Z,completed,completed normal,-0.515141949623142,2.62336619290458,1499.99981333273,2.28530643199652,1.71397132719466,1.62364684414492,2.19924605990672,2.16465438017751,1.69085557004603,2.79320657582265,-3.0,0.89390507316657,49.7436778170291,5.0,0.78,18378.0,23.902601601720708,22293.852000741525,-23.244305943320732,0.0,0.0,350.48375538741914,233.0,80.08035729809745,367.4125215050886,-63.4565552169946,0.0,0.0,16.173085983997623,22356.873193647225,137.4756238634227,45.36467177969257
API Generated 2017-03-31 14:49:47 +0000,ef1b0e87-b7ed-4a3e-a3e8-df46a748ac1f,2017-03-31T14:49:51.838Z,2017-03-31T14:50:27.972Z,completed,completed normal,-2.0,-1.05,1500.0,2.5,2.3,1.75,2.25,2.25,1.75,2.4945,-3.0,0.0,50.0,3.5,0.88,18378.0,28.14497198417553,23158.5863526461,-28.377326760134743,0.0,0.0,412.6896159946632,233.0,29.338882176691744,221.6648689781474,5.3513494094583205,0.0,0.0,5.925301536201862,23222.114972616666,121.10922314170006,27.928359312331853
API Generated 2017-03-31 14:51:07 +0000,f0c6b519-7b88-4e70-9837-6e155ee41b59,2017-03-31T14:51:12.367Z,2017-03-31T14:51:46.234Z,completed,completed normal,-0.515141949623142,2.62336619290458,1499.99981333273,2.28530643199652,1.71397132719466,1.62364684414492,2.19924605990672,1.16465438017751,1.69085557004603,2.79320657582265,-3.0,0.89390507316657,49.7436778170291,5.0,0.78,18378.0,23.849845586712792,22282.51911791404,-23.177034505173427,0.0,0.0,349.7101941421897,233.0,80.62937643292548,368.52934051998216,-63.98380882917613,0.0,0.0,16.28396627941615,22345.519804244443,137.57202282055326,45.48924741283428
API Generated 2017-03-31 14:49:47 +0000,f29a8080-b8c5-4785-886f-572acf9cdc3b,2017-03-31T14:49:51.913Z,2017-03-31T14:50:27.941Z,completed,completed normal,-2.0,-1.05,1500.0,2.5,2.3,1.75,2.25,2.25,1.75,2.5,-2.9966,0.0,50.0,3.5,0.88,18378.0,28.14392395564779,23158.397118718964,-28.376203476799127,0.0,0.0,412.6742487563903,233.0,29.338412187665508,221.66696281423398,5.3503609031513335,0.0,0.0,5.925206616883452,23221.928810233338,121.10922314170006,27.928599190589832
API Generated 2017-03-31 14:49:47 +0000,f375db91-4f85-4351-aa3f-687ebfc7e805,2017-03-31T14:49:51.558Z,2017-03-31T14:50:27.228Z,completed,completed normal,-2.0,-1.05,1500.0,2.5,2.3,1.75,2.25,2.25,1.75,2.5,-3.0,0.0,80.0,3.5,0.88,18378.0,27.337180725427046,22955.3925520748,-27.171178298606854,0.0,0.0,400.8449758733587,233.0,94.34060091821493,92.07504483429909,66.53109471342104,0.0,0.0,19.053094940031496,23018.373995097223,102.16147256792563,11.858107394468036
API Generated 2017-03-31 14:51:07 +0000,facc6057-d729-421f-b1cf-ae4c2c8beaca,2017-03-31T14:51:12.372Z,2017-03-31T14:51:45.095Z,completed,completed normal,-0.515141949623142,2.62336619290458,1499.99981333273,2.28530643199652,1.71397132719466,1.62364684414492,2.19924605990672,2.16465438017751,1.69085557004603,2.79320657582265,-3.0,30.8939050731666,49.7436778170291,5.0,0.78,18378.0,9.574310257431996,18751.30682405534,-2.215931048320661,1.0,1.0,140.38807449426287,233.0,105.74468740415041,415.6967919409541,-86.25170434980666,0.0,0.0,21.356272367417453,18803.71699597778,130.16001411673648,51.01749212600847
API Generated 2017-03-31 14:51:50 +0000,acbbe00d-482d-49d2-9577-fdf300bf8cb4,2017-03-31T14:51:50.162Z,2017-03-31T14:52:20.308Z,completed,completed normal,-1.39031517469713,0.458289378251411,1499.99992335415,2.41184651592209,2.05937579426457,1.69811921467212,2.229160360082,2.21495696723425,1.72571521302324,2.62039103664671,-3.0,0.367038693181878,49.8947537474668,4.11590213133316,0.838939857911122,18378.0,25.860716987324235,22731.229726237016,-25.840558728739005,0.0,0.0,379.19559375813446,233.0,34.362910725567694,273.22925880948173,-18.9923539443905,0.0,0.0,6.939957919471521,22794.540613919446,126.47543175530153,34.1427678736021
API Generated 2017-03-31 14:52:27 +0000,0a6686d2-b356-4d3d-8ccd-1d268667dd89,2017-03-31T14:52:28.532Z,2017-03-31T14:53:02.947Z,completed,completed normal,-1.39031517469713,0.458289378251411,1499.99992335415,2.41184651592209,2.05937579426457,0.698119214672121,2.229160360082,2.21495696723425,1.72571521302324,2.62039103664671,-3.0,0.367038693181878,49.8947537474668,4.11590213133316,0.838939857911122,18378.0,26.06497854254124,22766.93179354446,-26.05248445400802,0.0,0.0,382.1906801569547,233.0,35.97418101869771,277.7502815580191,-21.12674236644677,0.0,0.0,7.265371215234528,22830.269120758334,127.16093545045224,34.62626350666574
API Generated 2017-03-31 14:52:27 +0000,106dd33f-0943-44da-9f12-e4f5c4f2e8aa,2017-03-31T14:52:28.095Z,2017-03-31T14:53:01.751Z,completed,completed normal,-1.39031517469713,0.458289378251411,1499.99992335415,2.41184651592209,1.05937579426457,1.69811921467212,2.229160360082,2.21495696723425,1.72571521302324,2.62039103664671,-3.0,0.367038693181878,49.8947537474668,4.11590213133316,0.838939857911122,18378.0,25.441478341529603,22650.91629773503,-25.363822145460688,0.0,0.0,373.0482991066995,233.0,36.6729627936267,280.23924888154556,-22.301791317467874,0.0,0.0,7.406497680091665,22714.158132794444,127.08595848379511,34.958538548019646
API Generated 2017-03-31 14:52:27 +0000,12870931-8203-4f20-b353-385fd86dea05,2017-03-31T14:52:29.650Z,2017-03-31T14:53:04.568Z,completed,completed normal,-1.39031517469713,0.458289378251411,1499.99992335415,2.41184651592209,2.05937579426457,1.69811921467212,2.229160360082,2.21495696723425,1.72571521302324,2.62589103664671,-3.0,0.367038693181878,49.8947537474668,4.11590213133316,0.838939857911122,18378.0,25.859711997682147,22731.044653748606,-25.839460147500116,0.0,0.0,379.1808575988766,233.0,34.363720115847016,273.23169209099643,-18.9935027039039,0.0,0.0,6.940121384508689,22794.355533894446,126.47543175530153,34.143070756998455
API Generated 2017-03-31 14:52:27 +0000,1a9a1eb6-3144-4020-bbb8-7d88e8f74a04,2017-03-31T14:52:27.653Z,2017-03-31T14:53:04.112Z,completed,completed normal,-1.39031517469713,0.458289378251411,1499.99992335415,2.41184651592209,2.05937579426457,1.69811921467212,2.229160360082,2.21495696723425,1.72571521302324,2.62039103664671,-3.0034,0.367038693181878,49.8947537474668,4.11590213133316,0.838939857911122,18378.0,25.860716987324235,22731.229726237016,-25.840558728739005,0.0,0.0,379.19559375813446,233.0,34.362910725567694,273.22925880948173,-18.9923539443905,0.0,0.0,6.939957919471521,22794.540613919446,126.47543175530153,34.1427678736021
API Generated 2017-03-31 14:52:27 +0000,1c44aa43-9acc-401e-a5c1-0deca57b9b8e,2017-03-31T14:52:30.327Z,2017-03-31T14:53:04.963Z,completed,completed normal,-1.39031517469713,0.458289378251411,1499.99992335415,2.41184651592209,2.05937579426457,1.69811921467212,2.229160360082,2.21495696723425,1.72571521302324,2.62039103664671,-3.0,0.367038693181878,49.8947537474668,4.11590213133316,0.838939857911122,18378.0,25.860716987324235,22731.229726237016,-25.840558728739005,0.0,0.0,379.19559375813446,233.0,34.362910725567694,273.22925880948173,-18.9923539443905,0.0,0.0,6.939957919471521,22794.540613919446,126.47543175530153,34.1427678736021
API Generated 2017-03-31 14:52:27 +0000,2870f265-1c9f-4103-8ee2-a5d57436d120,2017-03-31T14:52:28.088Z,2017-03-31T14:53:02.130Z,completed,completed normal,-1.39031517469713,0.458289378251411,1499.99992335415,2.41184651592209,2.05937579426457,1.69811921467212,2.229160360082,2.21495696723425,1.72571521302324,2.62039103664671,-3.0,30.3670386931819,49.8947537474668,4.11590213133316,0.838939857911122,18378.0,8.732852586816445,19080.219103746054,-4.168338252729387,1.0,1.0,128.04978390518917,233.0,51.06819945832762,313.29314619069567,-37.90663554067176,0.0,0.0,10.313769927536223,19132.817326811113,117.69241566118336,38.86255964396586
API Generated 2017-03-31 14:52:27 +0000,29530fb0-5544-475e-b341-7213edddbbe7,2017-03-31T14:52:27.612Z,2017-03-31T14:53:00.881Z,completed,completed normal,-1.39031517469713,0.458289378251411,1499.99992335415,2.41184651592209,2.05937579426457,1.69811921467212,2.229160360082,3.21495696723425,1.72571521302324,2.62039103664671,-3.0,0.367038693181878,49.8947537474668,4.11590213133316,0.838939857911122,18378.0,25.860716987324235,22731.229726237016,-25.840558728739005,0.0,0.0,379.19559375813446,233.0,34.362910725567694,273.22925880948173,-18.9923539443905,0.0,0.0,6.939957919471521,22794.540613919446,126.47543175530153,34.1427678736021
API Generated 2017-03-31 14:52:27 +0000,2f29216d-6538-4aaa-9957-0d6b21e6c15c,2017-03-31T14:52:27.903Z,2017-03-31T14:53:03.964Z,completed,completed normal,-1.39031517469713,0.458289378251411,1499.99992335415,2.41184651592209,2.05937579426457,1.69811921467212,2.229160360082,2.21495696723425,1.72571521302324,2.62039103664671,-3.0,0.367038693181878,49.8947537474668,4.11590213133316,0.838939857911122,18378.0,25.860716987324235,22731.229726237016,-25.840558728739005,0.0,0.0,379.19559375813446,233.0,34.362910725567694,273.22925880948173,-18.9923539443905,0.0,0.0,6.939957919471521,22794.540613919446,126.47543175530153,34.1427678736021
API Generated 2017-03-31 14:52:27 +0000,3035d028-df9c-44b3-98be-afad6260fa16,2017-03-31T14:52:28.035Z,2017-03-31T14:53:04.101Z,completed,completed normal,-1.39031517469713,0.458289378251411,1499.99992335415,2.41184651592209,3.05937579426457,1.69811921467212,2.229160360082,2.21495696723425,1.72571521302324,2.62039103664671,-3.0,0.367038693181878,49.8947537474668,4.11590213133316,0.838939857911122,18378.0,25.860716987324235,22731.229726237016,-25.840558728739005,0.0,0.0,379.19559375813446,233.0,34.362910725567694,273.22925880948173,-18.9923539443905,0.0,0.0,6.939957919471521,22794.540613919446,126.47543175530153,34.1427678736021
API Generated 2017-03-31 14:52:27 +0000,3b2c1a59-6c99-49b9-8b3d-366ad48b0c24,2017-03-31T14:52:29.461Z,2017-03-31T14:53:04.264Z,completed,completed normal,-1.39031517469713,0.458289378251411,1499.99992335415,2.41184651592209,2.05937579426457,1.69811921467212,2.229160360082,2.21495696723425,2.72571521302324,2.62039103664671,-3.0,0.367038693181878,49.8947537474668,4.11590213133316,0.838939857911122,18378.0,25.829000027368505,22725.451625235655,-25.806260203814748,0.0,0.0,378.73052809624625,233.0,34.169378809696504,272.70211777202337,-18.743489076920888,0.0,0.0,6.9008720759308755,22788.749628261114,126.3897437934077,34.08733990296454
API Generated 2017-03-31 14:52:27 +0000,44eacb17-0c4b-49b0-8434-19386d918e4f,2017-03-31T14:52:29.848Z,2017-03-31T14:53:05.180Z,completed,completed normal,-1.39031517469713,0.458289378251411,1499.99992335415,2.41184651592209,2.05937579426457,1.69811921467212,2.229160360082,2.21495696723425,0.725715213023243,2.62039103664671,-3.0,0.367038693181878,49.8947537474668,4.11590213133316,0.838939857911122,18378.0,25.830574341298995,22725.867605706942,-25.80872944354579,0.0,0.0,378.75361225535624,233.0,34.51754017216653,273.67812294445366,-19.20426405102961,0.0,0.0,6.971186992616032,22789.16786649167,126.50756474101173,34.1889040888547
API Generated 2017-03-31 14:52:27 +0000,5ee97667-314c-4950-8697-edae32ab273c,2017-03-31T14:52:30.249Z,2017-03-31T14:53:04.453Z,completed,completed normal,-1.39031517469713,0.458289378251411,1499.99992335415,2.41184651592209,2.05937579426457,1.69811921467212,2.229160360082,1.21495696723425,1.72571521302324,2.62039103664671,-3.0,0.367038693181878,49.8947537474668,4.11590213133316,0.838939857911122,18378.0,25.804132949691365,22720.45908713852,-25.77662474186638,0.0,0.0,378.365902231873,233.0,34.570798743752206,273.9388546357899,-19.327356265823553,0.0,0.0,6.981943131658143,22783.75677376667,126.52898673148518,34.223184293661085
API Generated 2017-03-31 14:52:27 +0000,60e2d576-344c-4521-b685-b82fad0e64a7,2017-03-31T14:52:29.363Z,2017-03-31T14:53:04.603Z,completed,completed normal,-1.39031517469713,0.458289378251411,1499.99992335415,2.41184651592209,2.05937579426457,1.69811921467212,2.229160360082,2.21495696723425,1.72571521302324,2.62039103664671,-3.0,0.367038693181878,79.8947537474668,4.11590213133316,0.838939857911122,18378.0,24.74616325999426,22466.693164536748,-24.270282637561202,0.0,0.0,362.8528967394328,233.0,77.70922291591309,120.55078677322908,53.0876113946129,0.0,0.0,15.694209995720884,22529.45365591667,104.26082763432463,15.386415832060068
API Generated 2017-03-31 14:52:27 +0000,6b3db062-a1f1-44d8-88fa-6613b9edc2fb,2017-03-31T14:52:28.390Z,2017-03-31T14:53:02.315Z,completed,completed normal,-1.39031517469713,0.458289378251411,1499.99992335415,2.41184651592209,2.05937579426457,1.69811921467212,1.229160360082,2.21495696723425,1.72571521302324,2.62039103664671,-3.0,0.367038693181878,49.8947537474668,4.11590213133316,0.838939857911122,18378.0,25.960572649431843,22751.732368075875,-25.96226140786439,0.0,0.0,380.65977694770214,233.0,35.15935585695877,275.1104827079944,-19.880485398623932,0.0,0.0,7.100808545344418,22815.093563605555,126.85031658858708,34.39870247846633
API Generated 2017-03-31 14:52:27 +0000,7028cfa1-af92-4de8-ba12-3038cf2a8780,2017-03-31T14:52:28.285Z,2017-03-31T14:53:02.516Z,completed,completed normal,-1.39031517469713,0.458289378251411,1499.99992335415,2.41184651592209,2.05937579426457,1.69811921467212,2.229160360082,2.21495696723425,1.72571521302324,2.62039103664671,-3.0,0.367038693181878,19.8947537474668,4.11590213133316,0.838939857911122,18378.0,31.15605072081281,23715.705213755326,-31.684357069749357,0.0,0.0,456.84105193324615,233.0,114.62672605664375,425.80410762791996,-91.02339845094933,0.0,0.0,23.15009521844734,23781.1168475,151.14285378548948,52.60380743045785
API Generated 2017-03-31 14:52:27 +0000,70e82766-85d3-479e-a5d1-0d4f87cea287,2017-03-31T14:52:28.599Z,2017-03-31T14:53:02.738Z,completed,completed normal,-1.39031517469713,0.458289378251411,1499.99992335415,1.41184651592209,2.05937579426457,1.69811921467212,2.229160360082,2.21495696723425,1.72571521302324,2.62039103664671,-3.0,0.367038693181878,49.8947537474668,4.11590213133316,0.838939857911122,18378.0,26.488768954662635,22853.97936106332,-26.56919455710871,0.0,0.0,388.40471734053875,233.0,38.3022532419492,282.97878340883324,-23.595133798161616,0.0,0.0,7.7355503392292375,22917.418081925003,128.30701194078227,35.33890926516549
API Generated 2017-03-31 14:52:26 +0000,7f89b419-2367-43bb-bc09-1576c1c48632,2017-03-31T14:52:27.457Z,2017-03-31T14:53:02.918Z,completed,completed normal,-1.39031517469713,-0.541710621748589,1499.99992335415,2.41184651592209,2.05937579426457,1.69811921467212,2.229160360082,2.21495696723425,1.72571521302324,2.62039103664671,-3.0,0.367038693181878,49.8947537474668,4.11590213133316,0.838939857911122,18378.0,25.74801098979275,22709.0154090721,-25.70869562860002,0.0,0.0,377.5429861496525,233.0,28.420075814282477,247.04452176910678,-6.630460921037541,0.0,0.0,5.739738748980853,22772.352252547225,122.87653735576042,31.027995371350865
API Generated 2017-03-31 14:52:27 +0000,8c3099af-7393-4593-86a0-26e4e0b194fe,2017-03-31T14:52:27.955Z,2017-03-31T14:53:03.812Z,completed,completed normal,-1.39031517469713,0.458289378251411,1499.99992335415,2.41184651592209,2.05937579426457,2.69811921467212,2.229160360082,2.21495696723425,1.72571521302324,2.62039103664671,-3.0,0.367038693181878,49.8947537474668,4.11590213133316,0.838939857911122,18378.0,25.6829568818096,22699.647214207722,-25.653086482104424,0.0,0.0,376.58909801440984,233.0,33.301788740016995,270.3546120183251,-17.635224558007558,0.0,0.0,6.725652967659959,22762.92666511667,126.00414796488545,33.8302989806318
API Generated 2017-03-31 14:52:27 +0000,97296469-fca2-43a1-818c-5fc8dd497c7c,2017-03-31T14:52:28.347Z,2017-03-31T14:53:04.080Z,completed,completed normal,-1.39031517469713,0.458289378251411,0.0,2.41184651592209,2.05937579426457,1.69811921467212,2.229160360082,2.21495696723425,1.72571521302324,2.62039103664671,-3.0,0.367038693181878,49.8947537474668,4.11590213133316,0.838939857911122,18378.0,25.114419663260232,22563.140446978243,-24.84278898868162,0.0,0.0,368.2526389646821,233.0,35.33237433003604,274.0978425919601,-19.40241495757771,0.0,0.0,7.135751479371077,22626.45106893611,125.9934369696487,34.283161315221484
API Generated 2017-03-31 14:52:27 +0000,9a8fae52-e416-41a2-a6bf-3d1db32834f7,2017-03-31T14:52:28.191Z,2017-03-31T14:53:04.877Z,completed,completed normal,-1.39031517469713,0.458289378251411,2999.99984670831,2.41184651592209,2.05937579426457,1.69811921467212,2.229160360082,2.21495696723425,1.72571521302324,2.62039103664671,-3.0,0.367038693181878,49.8947537474668,4.11590213133316,0.838939857911122,18378.0,26.052591342764362,22765.680520780264,-26.04505696008231,0.0,0.0,382.00904669425154,233.0,34.093776264672925,273.0016894983973,-18.884917788942925,0.0,0.0,6.885603332102425,22828.99150175,126.58254170766884,34.1152622207706
API Generated 2017-03-31 14:52:27 +0000,9c8fd0ab-3272-4381-96d1-a47769192a1c,2017-03-31T14:52:27.894Z,2017-03-31T14:53:04.608Z,completed,completed normal,-1.39031517469713,0.458289378251411,1499.99992335415,2.41184651592209,2.05937579426457,1.69811921467212,2.229160360082,2.21495696723425,1.72571521302324,2.62039103664671,-3.0,0.367038693181878,49.8947537474668,3.23180426266632,0.838939857911122,18378.0,28.165244870074137,23169.644600420528,-28.44296797804009,0.0,0.0,412.9868772426511,233.0,34.362910725567694,273.22925880948173,-18.9923539443905,0.0,0.0,6.939957919471521,23232.98642700278,128.1677690027048,34.1427678736021
API Generated 2017-03-31 14:52:27 +0000,9cb4c8dc-49d7-4a83-a497-4cca0575d8c9,2017-03-31T14:52:27.925Z,2017-03-31T14:53:01.647Z,completed,completed normal,-1.39031517469713,0.458289378251411,1499.99992335415,2.41184651592209,2.05937579426457,1.69811921467212,2.229160360082,2.21495696723425,1.72571521302324,2.62039103664671,-3.0,0.367038693181878,49.8947537474668,4.11590213133316,0.897879715822245,18378.0,25.860716987324235,22731.229726237016,-25.840558728739005,0.0,0.0,379.19559375813446,233.0,28.352569571546475,255.29356719332264,-10.524860048349746,0.0,0.0,5.726105140127664,22794.540613919446,123.9476368794334,31.901531905185866
API Generated 2017-03-31 14:52:27 +0000,b0bb53dd-5fc6-495b-9037-c7f02be9e09a,2017-03-31T14:52:28.668Z,2017-03-31T14:53:04.289Z,completed,completed normal,-1.39031517469713,0.458289378251411,1499.99992335415,2.41184651592209,2.05937579426457,1.69811921467212,2.229160360082,2.21495696723425,1.72571521302324,2.62039103664671,-3.0,0.367038693181878,49.8947537474668,4.11590213133316,0.78,18378.0,25.860716987324235,22731.229726237016,-25.840558728739005,0.0,0.0,379.19559375813446,233.0,43.966671307930504,293.87553277280483,-28.739521909907843,0.0,0.0,8.879540245385682,22794.540613919446,129.38882245969194,36.7227358671263
API Generated 2017-03-31 14:52:27 +0000,b97c0684-6ec4-4183-a59f-4ba5ebc507a7,2017-03-31T14:52:28.528Z,2017-03-31T14:53:02.734Z,completed,completed normal,-1.39031517469713,0.458289378251411,1499.99992335415,2.41184651592209,2.05937579426457,1.69811921467212,2.229160360082,2.21495696723425,1.72571521302324,2.62039103664671,-2.9966,0.367038693181878,49.8947537474668,4.11590213133316,0.838939857911122,18378.0,25.860716987324235,22731.229726237016,-25.840558728739005,0.0,0.0,379.19559375813446,233.0,34.362910725567694,273.22925880948173,-18.9923539443905,0.0,0.0,6.939957919471521,22794.540613919446,126.47543175530153,34.1427678736021
API Generated 2017-03-31 14:52:27 +0000,b9947a35-3f13-4680-849f-abb4f0cd514d,2017-03-31T14:52:28.003Z,2017-03-31T14:53:02.952Z,completed,completed normal,-2.39031517469713,0.458289378251411,1499.99992335415,2.41184651592209,2.05937579426457,1.69811921467212,2.229160360082,2.21495696723425,1.72571521302324,2.62039103664671,-3.0,0.367038693181878,49.8947537474668,4.11590213133316,0.838939857911122,18378.0,26.855736623657524,22923.002761635777,-26.978914086817888,0.0,0.0,393.78556286012594,233.0,34.58961215163114,273.4073887721613,-19.07644963492594,0.0,0.0,6.985742700910132,22986.31472831389,127.24662341234604,34.166173246908805
API Generated 2017-03-31 14:52:27 +0000,c4efaa82-d2b7-4ba1-86ff-88939bcc6169,2017-03-31T14:52:27.893Z,2017-03-31T14:53:04.544Z,completed,completed normal,-1.39031517469713,0.458289378251411,1499.99992335415,3.41184651592209,2.05937579426457,1.69811921467212,2.229160360082,2.21495696723425,1.72571521302324,2.62039103664671,-3.0,0.367038693181878,49.8947537474668,4.11590213133316,0.838939857911122,18378.0,25.550232012158087,22670.97155066314,-25.482869145894632,0.0,0.0,374.6429537609986,233.0,32.59923889293921,268.6098134852922,-16.81149992867872,0.0,0.0,6.583765500268457,22734.225627058335,125.59713014588972,33.57170530395346
API Generated 2017-03-31 14:52:27 +0000,d00de87b-8f50-4462-b62f-2b10e12fed4c,2017-03-31T14:52:28.199Z,2017-03-31T14:53:04.245Z,completed,completed normal,-1.39031517469713,1.45828937825141,1499.99992335415,2.41184651592209,2.05937579426457,1.69811921467212,2.229160360082,2.21495696723425,1.72571521302324,2.62039103664671,-3.0,0.367038693181878,49.8947537474668,4.11590213133316,0.838939857911122,18378.0,25.991796039454066,22755.76529238213,-25.986200649286964,0.0,0.0,381.117605395553,233.0,45.72468490863598,301.32704166473496,-32.25740164429545,0.0,0.0,9.23458992404043,22819.05083584722,130.32067904528742,37.45597161931792
API Generated 2017-03-31 14:52:27 +0000,d8502e41-6b4f-40dc-8309-d985279a7cdf,2017-03-31T14:52:28.419Z,2017-03-31T14:53:04.188Z,completed,completed normal,-1.39031517469713,0.458289378251411,1499.99992335415,2.41184651592209,2.05937579426457,1.69811921467212,3.229160360082,2.21495696723425,1.72571521302324,2.62039103664671,-3.0,0.367038693181878,49.8947537474668,4.11590213133316,0.838939857911122,18378.0,25.762532223592242,22711.988308998127,-25.726342617149694,0.0,0.0,377.7559109450244,233.0,33.935843126765164,272.18428910072475,-18.499020605492397,0.0,0.0,6.853707043108649,22775.28098088889,126.25050085533022,34.00856370606121
API Generated 2017-03-31 14:52:27 +0000,dca5170e-f650-4937-b7c4-5fd4b59de595,2017-03-31T14:52:30.052Z,2017-03-31T14:53:03.951Z,completed,completed normal,-1.39031517469713,0.458289378251411,1499.99992335415,2.41184651592209,2.05937579426457,1.69811921467212,2.229160360082,2.21495696723425,1.72571521302324,2.62039103664671,-3.0,0.367038693181878,49.8947537474668,5.0,0.838939857911122,18378.0,24.567039760820453,22447.8555143965,-24.158463267720307,0.0,0.0,360.2264095597255,233.0,34.362910725567694,273.22925880948173,-18.9923539443905,0.0,0.0,6.939957919471521,22511.149162094443,125.38291024115513,34.1427678736021
API Generated 2017-03-31 14:52:27 +0000,e23d5390-8490-4af4-8663-1b981834023c,2017-03-31T14:52:30.134Z,2017-03-31T14:53:04.111Z,completed,completed normal,-1.39031517469713,0.458289378251411,1499.99992335415,2.41184651592209,2.05937579426457,1.69811921467212,2.229160360082,2.21495696723425,1.72571521302324,2.61489103664671,-3.0,0.367038693181878,49.8947537474668,4.11590213133316,0.838939857911122,18378.0,25.861723409062336,22731.41507049042,-25.841658923161607,0.0,0.0,379.2103509162108,233.0,34.36210107942309,273.22682256716234,-18.991203787072365,0.0,0.0,6.93979440275962,22794.72763871111,126.47543175530153,34.14248371449407
API Generated 2017-03-31 14:52:27 +0000,f81c420d-69f8-40cb-b33d-b1b91a5d667b,2017-03-31T14:52:28.100Z,2017-03-31T14:53:02.331Z,completed,completed normal,-0.390315174697126,0.458289378251411,1499.99992335415,2.41184651592209,2.05937579426457,1.69811921467212,2.229160360082,2.21495696723425,1.72571521302324,2.62039103664671,-3.0,0.367038693181878,49.8947537474668,4.11590213133316,0.838939857911122,18378.0,24.990118178914884,22553.880093317992,-24.78781998229894,0.0,0.0,366.43000677762967,233.0,34.243850623314934,273.3695554845581,-19.058588426186184,0.0,0.0,6.915912456439565,22617.192149741666,125.81135005062428,34.15345634156518
API Generated 2017-03-31 14:52:27 +0000,fcb84415-1c52-40a1-bb1e-195a546aa05f,2017-03-31T14:52:27.943Z,2017-03-31T14:53:04.123Z,completed,completed normal,-1.39031517469713,0.458289378251411,1499.99992335415,2.41184651592209,2.05937579426457,1.69811921467212,2.229160360082,2.21495696723425,1.72571521302324,2.62039103664671,-3.0,-29.6329613068181,49.8947537474668,4.11590213133316,0.838939857911122,18378.0,47.8219522875618,26674.45065004423,-49.24732526070241,0.0,0.0,701.2131025309001,233.0,29.53643599795004,236.21890517821245,-1.5196548051646643,0.0,1.0,5.965199646618432,26749.24092598889,136.790120168272,29.772415342084756
API Generated 2017-03-31 14:53:41 +0000,201043dc-410f-461d-b8fa-af454bedb98b,2017-03-31T14:53:42.764Z,2017-03-31T14:54:15.386Z,completed,completed normal,-1.7687380215802,-0.477884750992913,1499.99997092716,2.46656215098952,2.20872787452693,1.73032089276465,2.24209523321398,2.23670768772503,1.74078844076698,2.5456660034225,-3.0,30.1392229079995,49.9600786249354,3.73362028952307,0.864425314031795,18378.0,8.820068323270341,19279.91320063603,-5.353712644383304,1.0,0.0,129.32862791349328,233.0,34.716919587847485,276.8830751061462,-20.717331595176304,0.0,0.0,7.011453801382185,19332.610526875,113.54726050456908,34.512093896155655
API Generated 2017-03-31 14:53:41 +0000,32438e2a-7983-49b0-ac0a-bfa10f06a056,2017-03-31T14:53:42.952Z,2017-03-31T14:54:16.632Z,completed,completed normal,-1.7687380215802,-0.477884750992913,1499.99997092716,3.46656215098952,2.20872787452693,1.73032089276465,2.24209523321398,2.23670768772503,1.74078844076698,2.5456660034225,-3.0,0.139222907999544,49.9600786249354,3.73362028952307,0.864425314031795,18378.0,26.809377810427907,22914.82433162669,-26.930367326309266,0.0,0.0,393.10580375997637,233.0,27.317634151910063,236.0143619571284,-1.4230893359833547,0.0,1.0,5.517088845815227,22978.214389772227,122.10534569871592,29.649649446972802
API Generated 2017-03-31 14:53:41 +0000,4332188b-f2d3-4d1f-8d12-a94ae5c7f46f,2017-03-31T14:53:42.983Z,2017-03-31T14:54:15.958Z,completed,completed normal,-1.7687380215802,-0.477884750992913,1499.99997092716,2.46656215098952,2.20872787452693,1.73032089276465,2.24209523321398,2.23670768772503,1.74078844076698,2.5456660034225,-2.9966,0.139222907999544,49.9600786249354,3.73362028952307,0.864425314031795,18378.0,27.147798249533157,22978.85504990562,-27.310450538127334,0.0,0.0,398.0680613574477,233.0,27.53582476069328,240.19031941837528,-3.3945713992329614,0.0,1.0,5.5611547765354885,23042.296629672222,122.94080332718079,30.16639796696453
API Generated 2017-03-31 14:53:41 +0000,57497583-4923-4573-b3d4-7de90dfcae45,2017-03-31T14:53:42.304Z,2017-03-31T14:54:15.656Z,completed,completed normal,-1.7687380215802,-0.477884750992913,1499.99997092716,2.46656215098952,2.20872787452693,1.73032089276465,3.24209523321398,2.23670768772503,1.74078844076698,2.5456660034225,-3.0,0.139222907999544,49.9600786249354,3.73362028952307,0.864425314031795,18378.0,27.037924885142637,22958.470159339853,-27.189446824799543,0.0,0.0,396.45698863782076,233.0,27.452825613400588,239.2366792661162,-2.9443550183381095,0.0,1.0,5.544392209645754,23021.896403433333,122.72658342244624,30.042225785383177
API Generated 2017-03-31 14:53:41 +0000,5ff7bfc8-9e35-49ad-8d0d-3a3c474e74b7,2017-03-31T14:53:43.841Z,2017-03-31T14:54:16.570Z,completed,completed normal,-1.7687380215802,-0.477884750992913,1499.99997092716,2.46656215098952,2.20872787452693,1.73032089276465,2.24209523321398,2.23670768772503,1.74078844076698,2.5456660034225,-3.0,0.139222907999544,79.9600786249354,3.73362028952307,0.864425314031795,18378.0,26.23160634203839,22752.347833345942,-25.965914779603693,0.0,0.0,384.6339429403456,233.0,88.38722445027628,102.11697313109707,61.790270195619414,0.0,0.0,17.85074678925261,22815.23540955556,102.78271029165596,13.105057411401255
API Generated 2017-03-31 14:53:41 +0000,b5a65d3c-8634-4c98-93b8-f919a12c40f6,2017-03-31T14:53:42.509Z,2017-03-31T14:54:15.383Z,completed,completed normal,-2.7687380215802,-0.477884750992913,1499.99997092716,2.46656215098952,2.20872787452693,1.73032089276465,2.24209523321398,2.23670768772503,1.74078844076698,2.5456660034225,-3.0,0.139222907999544,49.9600786249354,3.73362028952307,0.864425314031795,18378.0,28.340899502722856,23194.127155228987,-28.588295225886593,0.0,0.0,415.56250044583777,233.0,27.59755628076068,240.24798032038018,-3.4217932842996484,0.0,1.0,5.573622118286431,23257.570197127778,123.78697195088243,30.1773913856553
API Generated 2017-03-31 14:53:09 +0000,c8902e3d-8e7f-4bc5-aad4-2140b4551d9f,2017-03-31T14:53:09.588Z,2017-03-31T14:53:39.188Z,completed,completed normal,-1.7687380215802,-0.477884750992913,1499.99997092716,2.46656215098952,2.20872787452693,1.73032089276465,2.24209523321398,2.23670768772503,1.74078844076698,2.5456660034225,-3.0,0.139222907999544,49.9600786249354,3.73362028952307,0.864425314031795,18378.0,27.147798249533157,22978.85504990562,-27.310450538127334,0.0,0.0,398.0680613574477,233.0,27.53582476069328,240.19031941837528,-3.3945713992329614,0.0,1.0,5.5611547765354885,23042.296629672222,122.94080332718079,30.16639796696453
API Generated 2017-03-31 14:53:41 +0000,ce1933e8-b659-4ae1-96f0-5418fa7df09c,2017-03-31T14:53:41.689Z,2017-03-31T14:54:15.146Z,completed,completed normal,-0.768738021580197,-0.477884750992913,1499.99997092716,2.46656215098952,2.20872787452693,1.73032089276465,2.24209523321398,2.23670768772503,1.74078844076698,2.5456660034225,-3.0,0.139222907999544,49.9600786249354,3.73362028952307,0.864425314031795,18378.0,26.08647188277985,22778.263536062124,-26.119749123332024,0.0,0.0,382.50583692223773,233.0,27.50983034072254,240.41576274734646,-3.5010038721378116,0.0,1.0,5.555904924967945,22841.70559743611,122.19103366060976,30.185512762470307
API Generated 2017-03-31 14:53:41 +0000,ee618d19-d0be-4622-bc43-020101978729,2017-03-31T14:53:42.547Z,2017-03-31T14:54:15.507Z,completed,completed normal,-1.7687380215802,-0.477884750992913,1499.99997092716,2.46656215098952,2.20872787452693,1.73032089276465,2.24209523321398,3.23670768772503,1.74078844076698,2.5456660034225,-3.0,0.139222907999544,49.9600786249354,3.73362028952307,0.864425314031795,18378.0,27.147798249533157,22978.85504990562,-27.310450538127334,0.0,0.0,398.0680613574477,233.0,27.53582476069328,240.19031941837528,-3.3945713992329614,0.0,1.0,5.5611547765354885,23042.296629672222,122.94080332718079,30.16639796696453
API Generated 2017-03-31 14:53:41 +0000,f68370ba-e581-4571-b708-3465f7adc8f2,2017-03-31T14:53:42.982Z,2017-03-31T14:54:16.161Z,completed,completed normal,-1.7687380215802,-0.477884750992913,1499.99997092716,2.46656215098952,3.20872787452693,1.73032089276465,2.24209523321398,2.23670768772503,1.74078844076698,2.5456660034225,-3.0,0.139222907999544,49.9600786249354,3.73362028952307,0.864425314031795,18378.0,27.147798249533157,22978.85504990562,-27.310450538127334,0.0,0.0,398.0680613574477,233.0,27.53582476069328,240.19031941837528,-3.3945713992329614,0.0,1.0,5.5611547765354885,23042.296629672222,122.94080332718079,30.16639796696453
API Generated 2017-03-31 14:53:41 +0000,f9758438-387d-4b5a-be76-2ab2f0a3afd1,2017-03-31T14:53:42.765Z,2017-03-31T14:54:15.604Z,completed,completed normal,-1.7687380215802,-0.477884750992913,1499.99997092716,2.46656215098952,2.20872787452693,1.73032089276465,2.24209523321398,2.23670768772503,1.74078844076698,2.5456660034225,-3.0,0.139222907999544,19.9600786249354,3.73362028952307,0.864425314031795,18378.0,32.42451187898159,23953.83740320033,-33.097898098716804,0.0,0.0,475.44049301860736,233.0,89.58720657360259,380.54027222511553,-69.65420577151374,0.0,0.0,18.093096033369658,24019.41209856389,145.96944308614914,47.212494165387795
API Generated 2017-03-31 14:53:41 +0000,10dfa08c-c58c-4eb2-b874-b7f03b20d31d,2017-03-31T14:53:45.831Z,2017-03-31T14:54:19.862Z,completed,completed normal,-1.7687380215802,-0.477884750992913,1499.99997092716,2.46656215098952,2.20872787452693,1.73032089276465,2.24209523321398,2.23670768772503,1.74078844076698,2.5456660034225,-3.0,0.139222907999544,49.9600786249354,3.73362028952307,0.78,18378.0,27.147798249533157,22978.85504990562,-27.310450538127334,0.0,0.0,398.0680613574477,233.0,33.78175009841679,266.18793883413616,-15.668125629849667,0.0,0.0,6.822586305375981,23042.296629672222,126.62538568861575,33.43154477363388
API Generated 2017-03-31 14:53:41 +0000,11e3c821-6a74-4e3e-ad7f-d1380a203a9b,2017-03-31T14:53:44.147Z,2017-03-31T14:54:18.570Z,completed,completed normal,-1.7687380215802,-0.477884750992913,1499.99997092716,2.46656215098952,2.20872787452693,1.73032089276465,2.24209523321398,2.23670768772503,1.74078844076698,2.5456660034225,-3.0,0.139222907999544,49.9600786249354,2.46724057904614,0.864425314031795,18378.0,32.80140149909313,23925.512129563547,-32.929760659861365,0.0,0.0,480.9668240692711,233.0,27.53582476069328,240.19031941837528,-3.3945713992329614,0.0,1.0,5.5611547765354885,23989.02778046667,126.59325270290559,30.16639796696453
API Generated 2017-03-31 14:53:41 +0000,1817efb1-1047-4f89-8719-1c7268d420dd,2017-03-31T14:53:45.216Z,2017-03-31T14:54:20.160Z,completed,completed normal,-1.7687380215802,-0.477884750992913,2999.99994185432,2.46656215098952,2.20872787452693,1.73032089276465,2.24209523321398,2.23670768772503,1.74078844076698,2.5456660034225,-3.0,0.139222907999544,49.9600786249354,3.73362028952307,0.864425314031795,18378.0,27.25970227958924,23000.019102028353,-27.436079316346717,0.0,0.0,399.70890971992134,233.0,27.37891272264198,240.02643614660875,-3.317201614278807,0.0,1.0,5.529464709595836,23063.460498369444,123.0050692986012,30.148313616308954
API Generated 2017-03-31 14:53:41 +0000,240f617e-f6fd-47e5-8ffa-19a4d9fc096b,2017-03-31T14:53:44.908Z,2017-03-31T14:54:19.529Z,completed,completed normal,-1.7687380215802,-0.477884750992913,1499.99997092716,2.46656215098952,2.20872787452693,1.73032089276465,2.24209523321398,2.23670768772503,1.74078844076698,2.5511660034225,-3.0,0.139222907999544,49.9600786249354,3.73362028952307,0.864425314031795,18378.0,27.146766079862104,22978.667424333566,-27.309336801908813,0.0,0.0,398.05292665752944,233.0,27.53582156171814,240.19253921352285,-3.3956193711910494,0.0,1.0,5.561154130468191,23042.110718875,122.94080332718079,30.166667938141217
API Generated 2017-03-31 14:53:41 +0000,2e8026c4-0086-43ac-a1a1-22b78172929d,2017-03-31T14:53:45.630Z,2017-03-31T14:54:19.809Z,completed,completed normal,-1.7687380215802,-0.477884750992913,1499.99997092716,2.46656215098952,2.20872787452693,1.73032089276465,2.24209523321398,2.23670768772503,1.74078844076698,2.5456660034225,-3.0034,0.139222907999544,49.9600786249354,3.73362028952307,0.864425314031795,18378.0,27.147798249533157,22978.85504990562,-27.310450538127334,0.0,0.0,398.0680613574477,233.0,27.53582476069328,240.19031941837528,-3.3945713992329614,0.0,1.0,5.5611547765354885,23042.296629672222,122.94080332718079,30.16639796696453
API Generated 2017-03-31 14:53:41 +0000,3869b28e-0669-48b1-b8a2-322a3c74f9f3,2017-03-31T14:53:44.291Z,2017-03-31T14:54:18.533Z,completed,completed normal,-1.7687380215802,-0.477884750992913,1499.99997092716,2.46656215098952,2.20872787452693,1.73032089276465,2.24209523321398,2.23670768772503,1.74078844076698,2.5456660034225,-3.0,-29.8607770920005,49.9600786249354,3.73362028952307,0.864425314031795,18378.0,49.5324723873897,26970.708254416648,-51.005895909634916,0.0,0.0,726.2944521782201,233.0,34.919930894394255,206.6840468378054,12.423840548675573,0.0,0.0,7.052454109413806,27045.552333722226,133.8767294638816,26.185498778329126
API Generated 2017-03-31 14:53:41 +0000,399c049c-3c58-4150-b628-77c64c8a3ace,2017-03-31T14:53:44.272Z,2017-03-31T14:54:18.568Z,completed,completed normal,-1.7687380215802,-0.477884750992913,1499.99997092716,2.46656215098952,2.20872787452693,1.73032089276465,2.24209523321398,2.23670768772503,1.74078844076698,2.5456660034225,-3.0,0.139222907999544,49.9600786249354,3.73362028952307,0.864425314031795,18378.0,27.147798249533157,22978.85504990562,-27.310450538127334,0.0,0.0,398.0680613574477,233.0,27.53582476069328,240.19031941837528,-3.3945713992329614,0.0,1.0,5.5611547765354885,23042.296629672222,122.94080332718079,30.16639796696453
API Generated 2017-03-31 14:53:41 +0000,4412915d-0a08-4096-a8a2-3fd5a52ce173,2017-03-31T14:53:44.153Z,2017-03-31T14:54:17.647Z,completed,completed normal,-1.7687380215802,-0.477884750992913,1499.99997092716,2.46656215098952,2.20872787452693,1.73032089276465,2.24209523321398,2.23670768772503,1.74078844076698,2.5456660034225,-3.0,0.139222907999544,49.9600786249354,3.73362028952307,0.94885062806359,18378.0,27.147798249533157,22978.85504990562,-27.310450538127334,0.0,0.0,398.0680613574477,233.0,29.26738307454502,218.8190492262724,6.694869463991574,0.0,0.0,5.910861526618824,23042.296629672222,119.90959167518638,27.482319643852335
API Generated 2017-03-31 14:53:41 +0000,4a5a4ae8-b6e5-411c-843a-a8066f26cd93,2017-03-31T14:53:44.994Z,2017-03-31T14:54:20.200Z,completed,completed normal,-1.7687380215802,-0.477884750992913,1499.99997092716,2.46656215098952,2.20872787452693,1.73032089276465,2.24209523321398,2.23670768772503,1.74078844076698,2.5456660034225,-3.0,0.139222907999544,49.9600786249354,5.0,0.864425314031795,18378.0,24.870503514680706,22511.72889763095,-24.537612546409953,0.0,0.0,364.6760974158477,233.0,27.53582476069328,240.19031941837528,-3.3945713992329614,0.0,1.0,5.5611547765354885,22575.136517294446,121.14135612741026,30.16639796696453
API Generated 2017-03-31 14:53:41 +0000,5807148b-3cb2-4ed2-9c0c-d283f5ea6c1a,2017-03-31T14:53:44.133Z,2017-03-31T14:54:18.557Z,completed,completed normal,-1.7687380215802,0.522115249007087,1499.99997092716,2.46656215098952,2.20872787452693,1.73032089276465,2.24209523321398,2.23670768772503,1.74078844076698,2.5456660034225,-3.0,0.139222907999544,49.9600786249354,3.73362028952307,0.864425314031795,18378.0,27.258846882114774,23001.539536371238,-27.445104540238248,0.0,0.0,399.69636703004187,233.0,31.52346846223999,265.7778128642435,-15.47450392732522,0.0,0.0,6.3665021380437485,23064.953931188888,126.46472076006478,33.207807095127286
API Generated 2017-03-31 14:53:41 +0000,7c45d3ed-8e97-4239-ad43-bea2aa9492c3,2017-03-31T14:53:44.116Z,2017-03-31T14:54:18.963Z,completed,completed normal,-1.7687380215802,-0.477884750992913,1499.99997092716,2.46656215098952,2.20872787452693,1.73032089276465,2.24209523321398,2.23670768772503,0.740788440766984,2.5456660034225,-3.0,0.139222907999544,49.9600786249354,3.73362028952307,0.864425314031795,18378.0,27.11129749966171,22973.356187192425,-27.277809558023453,0.0,0.0,397.5328510024174,233.0,27.58253471087172,240.6763348529803,-3.6240207460421887,0.0,1.0,5.570588351335012,23036.780718766666,122.97293631289101,30.216887034711725
API Generated 2017-03-31 14:53:41 +0000,868d5c22-4651-4f4f-9227-1d389169d898,2017-03-31T14:53:44.573Z,2017-03-31T14:54:19.213Z,completed,completed normal,-1.7687380215802,-0.477884750992913,1499.99997092716,1.46656215098952,2.20872787452693,1.73032089276465,2.24209523321398,2.23670768772503,1.74078844076698,2.5456660034225,-3.0,0.139222907999544,49.9600786249354,3.73362028952307,0.864425314031795,18378.0,27.72753425117112,23089.10351579057,-27.964880039121326,0.0,0.0,406.56872812054723,233.0,28.49554892344852,248.97944407833506,-7.543943556295514,0.0,0.0,5.75498135185135,23152.63793077778,124.59029659363713,31.24677922110326
API Generated 2017-03-31 14:53:41 +0000,95edde69-e951-4eba-aa87-36fb33b8695c,2017-03-31T14:53:44.155Z,2017-03-31T14:54:17.664Z,completed,completed normal,-1.7687380215802,-0.477884750992913,0.0,2.46656215098952,2.20872787452693,1.73032089276465,2.24209523321398,2.23670768772503,1.74078844076698,2.5456660034225,-3.0,0.139222907999544,49.9600786249354,3.73362028952307,0.864425314031795,18378.0,26.537422275931167,22833.168071687192,-26.44565976129872,0.0,0.0,389.11812080324125,233.0,28.26548929296273,240.97783150644196,-3.766358221925397,0.0,1.0,5.708518345056274,22896.609625605557,122.52307451294837,30.291415080108305
API Generated 2017-03-31 14:53:41 +0000,a326fc1e-c2b6-4158-8403-f3aad6bb5e11,2017-03-31T14:53:44.635Z,2017-03-31T14:54:19.682Z,completed,completed normal,-1.7687380215802,-0.477884750992913,1499.99997092716,2.46656215098952,2.20872787452693,1.73032089276465,2.24209523321398,2.23670768772503,1.74078844076698,2.5456660034225,-3.0,0.139222907999544,49.9600786249354,3.73362028952307,0.864425314031795,18378.0,27.147798249533157,22978.85504990562,-27.310450538127334,0.0,0.0,398.0680613574477,233.0,27.53582476069328,240.19031941837528,-3.3945713992329614,0.0,1.0,5.5611547765354885,23042.296629672222,122.94080332718079,30.16639796696453
API Generated 2017-03-31 14:53:41 +0000,b313c6f9-a762-4ed2-a9da-0bc341b8bed3,2017-03-31T14:53:43.994Z,2017-03-31T14:54:18.444Z,completed,completed normal,-1.7687380215802,-0.477884750992913,1499.99997092716,2.46656215098952,1.20872787452693,1.73032089276465,2.24209523321398,2.23670768772503,1.74078844076698,2.5456660034225,-3.0,0.139222907999544,49.9600786249354,3.73362028952307,0.864425314031795,18378.0,26.744489553601568,22905.98175025013,-26.877878195768428,0.0,0.0,392.1543474996084,233.0,27.6006793569055,245.3431351720304,-5.827231197095903,0.0,0.0,5.574252856968537,22969.341690280555,123.33711015093981,30.770896935532132
API Generated 2017-03-31 14:53:42 +0000,b825393e-fc02-4d36-8486-c3682d11dc0e,2017-03-31T14:53:45.913Z,2017-03-31T14:54:18.859Z,completed,completed normal,-1.7687380215802,-0.477884750992913,1499.99997092716,2.46656215098952,2.20872787452693,1.73032089276465,2.24209523321398,2.23670768772503,1.74078844076698,2.5401660034225,-3.0,0.139222907999544,49.9600786249354,3.73362028952307,0.864425314031795,18378.0,27.148830588435853,22979.04270553582,-27.311564452769545,0.0,0.0,398.08319853880874,233.0,27.53582811622248,240.188099473683,-3.3935233566743923,0.0,1.0,5.561155454220556,23042.486707652777,122.94080332718079,30.166155483195197
API Generated 2017-03-31 14:53:41 +0000,b88f3d89-f67c-4e21-aa4c-2f9b60ceac00,2017-03-31T14:53:44.636Z,2017-03-31T14:54:18.607Z,completed,completed normal,-1.7687380215802,-0.477884750992913,1499.99997092716,2.46656215098952,2.20872787452693,1.73032089276465,1.24209523321398,2.23670768772503,1.74078844076698,2.5456660034225,-3.0,0.139222907999544,49.9600786249354,3.73362028952307,0.864425314031795,18378.0,27.25963742489831,23000.68397619584,-27.440025976884474,0.0,0.0,399.7079587558376,233.0,27.660560907549698,241.92666996901738,-4.214307710694891,0.0,1.0,5.586346577577432,23064.154422919444,123.2942661699929,30.402909800248374
API Generated 2017-03-31 14:53:41 +0000,bdac0497-f5b4-4e36-a497-bde552ad5284,2017-03-31T14:53:44.222Z,2017-03-31T14:54:18.890Z,completed,completed normal,-1.7687380215802,-0.477884750992913,1499.99997092716,2.46656215098952,2.20872787452693,2.73032089276465,2.24209523321398,2.23670768772503,1.74078844076698,2.5456660034225,-3.0,0.139222907999544,49.9600786249354,3.73362028952307,0.864425314031795,18378.0,26.954057605100655,22943.94274637886,-27.103212812031362,0.0,0.0,395.2272430330107,233.0,27.213623092757704,237.39969652573504,-2.0771099477719055,0.0,1.0,5.496082698244034,23007.358632208332,122.45880854152799,29.860756257571406
API Generated 2017-03-31 14:53:41 +0000,ccb85145-6714-42b7-bf3f-d86610fbc92c,2017-03-31T14:53:43.980Z,2017-03-31T14:54:17.402Z,completed,completed normal,-1.7687380215802,-0.477884750992913,1499.99997092716,2.46656215098952,2.20872787452693,1.73032089276465,2.24209523321398,2.23670768772503,2.74078844076698,2.5456660034225,-3.0,0.139222907999544,49.9600786249354,3.73362028952307,0.864425314031795,18378.0,27.11378819266711,22972.715630757906,-27.27400724635923,0.0,0.0,397.56937202437956,233.0,27.473869935368096,239.6507642247354,-3.13984577133432,0.0,1.0,5.548642335895672,23036.152246988888,122.85511536528696,30.10815579164518
API Generated 2017-03-31 14:53:41 +0000,d6fe226a-879c-4dc1-b8ba-681ca5cc2d70,2017-03-31T14:53:44.204Z,2017-03-31T14:54:18.646Z,completed,completed normal,-1.7687380215802,-0.477884750992913,1499.99997092716,2.46656215098952,2.20872787452693,0.730320892764654,2.24209523321398,2.23670768772503,1.74078844076698,2.5456660034225,-3.0,0.139222907999544,49.9600786249354,3.73362028952307,0.864425314031795,18378.0,27.342242314801634,23013.80775941809,-27.517928112178122,0.0,0.0,400.91919393889793,233.0,28.03801089511872,244.5930789764882,-5.473127413792685,0.0,0.0,5.662576645843595,23077.28504781945,123.61559602709475,30.642522686933194
API Generated 2017-03-31 14:53:41 +0000,da9ee33c-914f-4df4-adba-8955ee83813f,2017-03-31T14:53:44.319Z,2017-03-31T14:54:19.531Z,completed,completed normal,-1.7687380215802,-0.477884750992913,1499.99997092716,2.46656215098952,2.20872787452693,1.73032089276465,2.24209523321398,1.23670768772503,1.74078844076698,2.5456660034225,-3.0,0.139222907999544,49.9600786249354,3.73362028952307,0.864425314031795,18378.0,27.087300027340216,22968.033787440745,-27.24621605342798,0.0,0.0,397.1809761580308,233.0,27.5269340374365,240.7714462056709,-3.668923101389699,0.0,1.0,5.559359199735593,23031.463786763892,122.97293631289101,30.232308639491787
API Generated 2017-03-31 14:53:41 +0000,def764c6-0e30-4e60-8dbb-d80133f8e1f5,2017-03-31T14:53:44.484Z,2017-03-31T14:54:17.971Z,completed,completed normal,-1.7687380215802,-1.47788475099291,1499.99997092716,2.46656215098952,2.20872787452693,1.73032089276465,2.24209523321398,2.23670768772503,1.74078844076698,2.5456660034225,-3.0,0.139222907999544,49.9600786249354,3.73362028952307,0.864425314031795,18378.0,27.052364243856882,22958.05456212256,-27.18697986004546,0.0,0.0,396.66871289913274,233.0,30.91270132053363,216.3125804588396,7.878180899260273,0.0,0.0,6.243151171186211,23021.523157302774,119.6311057990314,27.310422547049704
API Generated 2017-03-31 14:54:23 +0000,90adac75-7a6f-49f8-96dc-3774ccf9473e,2017-03-31T14:54:24.228Z,2017-03-31T14:54:54.243Z,completed,completed normal,-1.63313939833463,-0.14893196451973,1499.99995392768,2.4489177431017,2.15583851420689,1.71980440609623,2.237872295187,2.22898621788503,1.73553482732184,2.57235479966531,-3.0,0.220587987977263,49.9372110527031,3.87380021655847,0.896382237286497,18378.0,26.635105704322488,22882.630821709703,-26.73926822609863,0.0,0.0,390.55045253817855,233.0,26.957249405302168,239.91968639205547,-3.266804734446785,0.0,1.0,5.444305285765488,22946.02507346111,122.4695195367647,30.078553281197568
API Generated 2017-03-31 14:54:56 +0000,142034d5-7d48-4516-87e0-c029e2809e76,2017-03-31T14:54:56.816Z,2017-03-31T14:55:29.440Z,completed,completed normal,-1.63313939833463,-0.14893196451973,1499.99995392768,2.4489177431017,2.15583851420689,1.71980440609623,1.237872295187,2.22898621788503,1.73553482732184,2.57235479966531,-3.0,0.220587987977263,49.9372110527031,3.87380021655847,0.896382237286497,18378.0,26.743192339438878,22904.092211229472,-26.866661984563414,0.0,0.0,392.1353264533282,233.0,27.026181594338947,241.61150638556154,-4.065518036102031,0.0,1.0,5.458226879748979,22967.511973347224,122.81227138434006,30.309413605790947
API Generated 2017-03-31 14:54:56 +0000,27503c54-8348-487e-b073-867c7ad790b3,2017-03-31T14:54:57.999Z,2017-03-31T14:55:30.903Z,completed,completed normal,-1.63313939833463,-0.14893196451973,1499.99995392768,2.4489177431017,2.15583851420689,1.71980440609623,2.237872295187,2.22898621788503,1.73553482732184,2.57785479966531,-3.0,0.220587987977263,49.9372110527031,3.87380021655847,0.896382237286497,18378.0,26.634084567093073,22882.444308867995,-26.73816109499301,0.0,0.0,390.5354796069096,233.0,26.957230182977636,239.92187268171642,-3.2678368883639677,0.0,1.0,5.444301403611138,22945.83615017223,122.4695195367647,30.07881391921907
API Generated 2017-03-31 14:54:56 +0000,34c3e882-021b-4411-bd76-0699e5141617,2017-03-31T14:54:58.596Z,2017-03-31T14:55:31.901Z,completed,completed normal,-1.63313939833463,-0.14893196451973,1499.99995392768,2.4489177431017,1.15583851420689,1.71980440609623,2.237872295187,2.22898621788503,1.73553482732184,2.57235479966531,-3.0,0.220587987977263,49.9372110527031,3.87380021655847,0.896382237286497,18378.0,26.22938865819079,22807.530143582837,-26.293474274079717,0.0,0.0,384.60142505061447,233.0,27.00687089254865,245.3995887098203,-5.853883081889404,0.0,0.0,5.454326876664536,22870.822912369444,122.90867034147061,30.719711736543957
API Generated 2017-03-31 14:54:56 +0000,38ac32c8-b32a-44ef-9701-49b408a16743,2017-03-31T14:54:58.484Z,2017-03-31T14:55:31.602Z,completed,completed normal,-1.63313939833463,-0.14893196451973,1499.99995392768,2.4489177431017,2.15583851420689,1.71980440609623,2.237872295187,2.22898621788503,1.73553482732184,2.57235479966531,-3.0034,0.220587987977263,49.9372110527031,3.87380021655847,0.896382237286497,18378.0,26.63510570432309,22882.63082170979,-26.739268226099128,0.0,0.0,390.5504525381874,233.0,26.957249405305248,239.91968639206874,-3.2668047344530526,0.0,1.0,5.4443052857661085,22946.02507346111,122.4695195367647,30.078553281197568
API Generated 2017-03-31 14:54:56 +0000,404879c5-9a0a-456e-a377-cb0b0d2e77d5,2017-03-31T14:54:57.686Z,2017-03-31T14:55:30.893Z,completed,completed normal,-1.63313939833463,-0.14893196451973,1499.99995392768,2.4489177431017,2.15583851420689,1.71980440609623,2.237872295187,2.22898621788503,1.73553482732184,2.57235479966531,-3.0,0.220587987977263,49.9372110527031,5.0,0.896382237286497,18378.0,24.757806661344738,22488.336622001763,-24.398757142443614,0.0,0.0,363.0236238886694,233.0,26.957249405305248,239.91968639206874,-3.2668047344530526,0.0,1.0,5.4443052857661085,22551.701123819446,120.94855821314911,30.078553281197568
API Generated 2017-03-31 14:54:56 +0000,4b4d4302-8022-4083-9909-e3b127cffe7c,2017-03-31T14:54:57.200Z,2017-03-31T14:55:30.500Z,completed,completed normal,-1.63313939833463,-0.14893196451973,1499.99995392768,1.4489177431017,2.15583851420689,1.71980440609623,2.237872295187,2.22898621788503,1.73553482732184,2.57235479966531,-3.0,0.220587987977263,49.9372110527031,3.87380021655847,0.896382237286497,18378.0,27.22497278102357,22996.115951505803,-27.4129104057567,0.0,0.0,399.19967121597773,233.0,27.74501380644414,248.5860052736531,-7.358199914600171,0.0,0.0,5.603402745175852,23059.603791227775,124.10830180798432,31.143097621832133
API Generated 2017-03-31 14:54:56 +0000,58a90de0-652e-4883-b816-beffc2691daa,2017-03-31T14:54:56.494Z,2017-03-31T14:55:30.013Z,completed,completed normal,-0.633139398334629,-0.14893196451973,1499.99995392768,2.4489177431017,2.15583851420689,1.71980440609623,2.237872295187,2.22898621788503,1.73553482732184,2.57235479966531,-3.0,0.220587987977263,49.9372110527031,3.87380021655847,0.896382237286497,18378.0,25.64821460393584,22691.119794662794,-25.60246813678091,0.0,0.0,376.0796721275209,233.0,26.946521851375312,240.10552508065155,-3.354539737646658,0.0,1.0,5.442138741335483,22754.51388861389,121.75188285590384,30.094103598149278
API Generated 2017-03-31 14:54:56 +0000,5f318055-cad2-4277-9d50-b372ca741aba,2017-03-31T14:54:58.562Z,2017-03-31T14:55:31.470Z,completed,completed normal,-1.63313939833463,-0.14893196451973,1499.99995392768,2.4489177431017,2.15583851420689,1.71980440609623,2.237872295187,3.22898621788503,1.73553482732184,2.57235479966531,-3.0,0.220587987977263,49.9372110527031,3.87380021655847,0.896382237286497,18378.0,26.635105704322488,22882.630821709703,-26.73926822609863,0.0,0.0,390.55045253817855,233.0,26.957249405302168,239.91968639205547,-3.266804734446785,0.0,1.0,5.444305285765488,22946.02507346111,122.4695195367647,30.078553281197568
API Generated 2017-03-31 14:54:56 +0000,852902a1-340f-48c1-a91d-2bd7d506327a,2017-03-31T14:54:57.697Z,2017-03-31T14:55:31.597Z,completed,completed normal,-1.63313939833463,-0.14893196451973,1499.99995392768,2.4489177431017,2.15583851420689,1.71980440609623,2.237872295187,2.22898621788503,1.73553482732184,2.57235479966531,-3.0,0.220587987977263,49.9372110527031,3.87380021655847,0.896382237286497,18378.0,26.63510570432309,22882.63082170979,-26.739268226099128,0.0,0.0,390.5504525381874,233.0,26.957249405305248,239.91968639206874,-3.2668047344530526,0.0,1.0,5.4443052857661085,22946.02507346111,122.4695195367647,30.078553281197568
API Generated 2017-03-31 14:54:56 +0000,9a410d81-d2e6-45c7-8793-4a858c602863,2017-03-31T14:54:57.381Z,2017-03-31T14:55:29.851Z,completed,completed normal,-1.63313939833463,-0.14893196451973,1499.99995392768,2.4489177431017,2.15583851420689,1.71980440609623,2.237872295187,2.22898621788503,1.73553482732184,2.57235479966531,-3.0,30.2205879879773,49.9372110527031,3.87380021655847,0.896382237286497,18378.0,8.74293683093374,19201.8049630042,-4.890065966249354,1.0,1.0,128.19764913791005,233.0,33.764465130142575,276.0640352757087,-20.330660430592093,0.0,0.0,6.819095420874938,19254.466925216668,113.06526571891625,34.350933289342514
API Generated 2017-03-31 14:54:56 +0000,a86b88d3-6c36-4544-af17-fa8d9ca77d16,2017-03-31T14:54:57.390Z,2017-03-31T14:55:30.401Z,completed,completed normal,-1.63313939833463,-0.14893196451973,1499.99995392768,2.4489177431017,2.15583851420689,1.71980440609623,2.237872295187,2.22898621788503,1.73553482732184,2.57235479966531,-3.0,0.220587987977263,49.9372110527031,3.87380021655847,0.98,18378.0,26.635105704322488,22882.630821709703,-26.73926822609863,0.0,0.0,390.55045253817855,233.0,28.883175042854898,219.44871965018928,6.3976001651467245,0.0,0.0,5.83326659894966,22946.02507346111,119.56683982761102,27.51213480152563
API Generated 2017-03-31 14:54:56 +0000,bdeee319-35b3-4f8f-afbd-0b29130a6fc0,2017-03-31T14:54:56.426Z,2017-03-31T14:55:30.297Z,completed,completed normal,-1.63313939833463,-0.14893196451973,1499.99995392768,2.4489177431017,3.15583851420689,1.71980440609623,2.237872295187,2.22898621788503,1.73553482732184,2.57235479966531,-3.0,0.220587987977263,49.9372110527031,3.87380021655847,0.896382237286497,18378.0,26.635105704322488,22882.630821709703,-26.73926822609863,0.0,0.0,390.55045253817855,233.0,26.957249405302168,239.91968639205547,-3.266804734446785,0.0,1.0,5.444305285765488,22946.02507346111,122.4695195367647,30.078553281197568
API Generated 2017-03-31 14:54:56 +0000,eb8ec532-e721-44f3-885a-30b8048b5fa5,2017-03-31T14:54:58.887Z,2017-03-31T14:55:31.431Z,completed,completed normal,-1.63313939833463,-0.14893196451973,1499.99995392768,2.4489177431017,2.15583851420689,2.71980440609623,2.237872295187,2.22898621788503,1.73553482732184,2.57235479966531,-3.0,0.220587987977263,49.9372110527031,3.87380021655847,0.896382237286497,18378.0,26.446767916454327,22848.885899080098,-26.538960015908934,0.0,0.0,387.7888562787722,233.0,26.680596971617387,237.2505637238045,-2.006703903942031,0.0,1.0,5.3884323632582785,22912.24942240278,122.00894674158533,29.786580644132876
API Generated 2017-03-31 14:54:56 +0000,fe84d8cb-0850-4285-a5c3-1726bfe810b1,2017-03-31T14:54:57.429Z,2017-03-31T14:55:30.696Z,completed,completed normal,-1.63313939833463,-0.14893196451973,1499.99995392768,2.4489177431017,2.15583851420689,0.719804406096233,2.237872295187,2.22898621788503,1.73553482732184,2.57235479966531,-3.0,0.220587987977263,49.9372110527031,3.87380021655847,0.896382237286497,18378.0,26.830071184409476,22917.425535361202,-26.945807944446607,0.0,0.0,393.40923062310804,233.0,27.434741717802776,244.1356429200161,-5.257170477260812,0.0,0.0,5.540739973213537,22980.835353783335,123.12289024620522,30.533485002724998
API Generated 2017-03-31 14:54:56 +0000,1d6fb5e8-9cc0-42dc-9d3b-916c85fa6adb,2017-03-31T14:55:00.205Z,2017-03-31T14:55:33.423Z,completed,completed normal,-2.63313939833463,-0.14893196451973,1499.99995392768,2.4489177431017,2.15583851420689,1.71980440609623,2.237872295187,2.22898621788503,1.73553482732184,2.57235479966531,-3.0,0.220587987977263,49.9372110527031,3.87380021655847,0.896382237286497,18378.0,27.754771488933862,23089.30622787627,-27.966083328146933,0.0,0.0,406.9681076331431,233.0,27.02885169068581,240.00124139571022,-3.305307096687212,0.0,1.0,5.4587661343085285,23152.700450733333,123.28355517475615,30.09178812399317
API Generated 2017-03-31 14:54:56 +0000,4e59013b-a70f-4c24-84d6-bfd096921fc9,2017-03-31T14:54:59.562Z,2017-03-31T14:55:33.516Z,completed,completed normal,-1.63313939833463,0.85106803548027,1499.99995392768,2.4489177431017,2.15583851420689,1.71980440609623,2.237872295187,2.22898621788503,1.73553482732184,2.57235479966531,-3.0,0.220587987977263,49.9372110527031,3.87380021655847,0.896382237286497,18378.0,26.750487819681883,22905.531446910838,-26.875205217171757,0.0,0.0,392.2423000520825,233.0,30.692002893250113,265.13326032884925,-15.170208738941708,0.0,0.0,6.198578759655846,22968.888554702782,125.93988199346506,33.06805613944674
API Generated 2017-03-31 14:54:56 +0000,530322b5-19b5-4dd4-929b-acf00f1083df,2017-03-31T14:54:59.892Z,2017-03-31T14:55:33.807Z,completed,completed normal,-1.63313939833463,-0.14893196451973,1499.99995392768,2.4489177431017,2.15583851420689,1.71980440609623,2.237872295187,2.22898621788503,1.73553482732184,2.56685479966531,-3.0,0.220587987977263,49.9372110527031,3.87380021655847,0.896382237286497,18378.0,26.636533626632787,22882.877039074574,-26.740729760333444,0.0,0.0,390.57139015752455,233.0,26.957239714049354,239.91523523558538,-3.264703330104681,0.0,1.0,5.444303328513169,22946.272840025,122.4695195367647,30.078082228078657
API Generated 2017-03-31 14:54:56 +0000,60d985ae-d900-4ece-842f-853d55d5b60a,2017-03-31T14:54:59.841Z,2017-03-31T14:55:33.861Z,completed,completed normal,-1.63313939833463,-0.14893196451973,1499.99995392768,2.4489177431017,2.15583851420689,1.71980440609623,2.237872295187,1.22898621788503,1.73553482732184,2.57235479966531,-3.0,0.220587987977263,49.9372110527031,3.87380021655847,0.896382237286497,18378.0,26.57678178311901,22872.053978919037,-26.676484604630257,0.0,0.0,389.6952491058106,233.0,26.937475358831723,240.4915859846076,-3.536800250243916,0.0,1.0,5.4403117052595,22935.432483294448,122.5016525224749,30.143660150771748
API Generated 2017-03-31 14:54:56 +0000,6c086fe1-afd1-4388-8259-fe8771de3074,2017-03-31T14:55:00.231Z,2017-03-31T14:55:33.672Z,completed,completed normal,-1.63313939833463,-0.14893196451973,1499.99995392768,2.4489177431017,2.15583851420689,1.71980440609623,2.237872295187,2.22898621788503,1.73553482732184,2.57235479966531,-3.0,0.220587987977263,79.9372110527031,3.87380021655847,0.896382237286497,18378.0,25.651730680242316,22642.833670222582,-25.31584406388619,0.0,0.0,376.13122834088443,233.0,87.71792047764043,103.35968204617241,61.203583583352106,0.0,0.0,17.715573682337318,22705.66491635556,102.5149354107377,13.238326707714652
API Generated 2017-03-31 14:54:56 +0000,76a58aaf-f635-463c-907b-57046799ea6d,2017-03-31T14:54:58.636Z,2017-03-31T14:55:33.238Z,completed,completed normal,-1.63313939833463,-0.14893196451973,1499.99995392768,2.4489177431017,2.15583851420689,1.71980440609623,2.237872295187,2.22898621788503,0.735534827321842,2.57235479966531,-3.0,0.220587987977263,49.9372110527031,3.87380021655847,0.896382237286497,18378.0,26.607250463369784,22877.961321201365,-26.711550299476848,0.0,0.0,390.1420112471845,233.0,26.991322276468438,240.34503401109382,-3.4676126232631495,0.0,1.0,5.45118666708903,22941.338746563888,122.5016525224749,30.122750460384058
API Generated 2017-03-31 14:54:56 +0000,797e5f68-6533-46eb-a38c-0d8f02cab4c9,2017-03-31T14:54:58.919Z,2017-03-31T14:55:33.331Z,completed,completed normal,-1.63313939833463,-0.14893196451973,1499.99995392768,2.4489177431017,2.15583851420689,1.71980440609623,2.237872295187,2.22898621788503,2.73553482732184,2.57235479966531,-3.0,0.220587987977263,49.9372110527031,3.87380021655847,0.896382237286497,18378.0,26.603256802910256,22876.906343476465,-26.705288003303128,0.0,0.0,390.08345221922093,233.0,26.91588270712988,239.40125727351028,-3.022052790069207,0.0,1.0,5.435950837945981,22940.278802338886,122.38383157487087,30.023172360419867
API Generated 2017-03-31 14:54:56 +0000,80007814-189b-47ae-965f-1a23387376ff,2017-03-31T14:54:59.717Z,2017-03-31T14:55:33.990Z,completed,completed normal,-1.63313939833463,-0.14893196451973,1499.99995392768,2.4489177431017,2.15583851420689,1.71980440609623,2.237872295187,2.22898621788503,1.73553482732184,2.57235479966531,-3.0,0.220587987977263,49.9372110527031,3.87380021655847,0.896382237286497,18378.0,26.635105704322488,22882.630821709703,-26.73926822609863,0.0,0.0,390.55045253817855,233.0,26.957249405302168,239.91968639205547,-3.266804734446785,0.0,1.0,5.444305285765488,22946.02507346111,122.4695195367647,30.078553281197568
API Generated 2017-03-31 14:54:56 +0000,83720207-dcd0-46e9-ba3d-008a30b4ad7d,2017-03-31T14:54:58.678Z,2017-03-31T14:55:33.246Z,completed,completed normal,-1.63313939833463,-0.14893196451973,1499.99995392768,2.4489177431017,2.15583851420689,1.71980440609623,2.237872295187,2.22898621788503,1.73553482732184,2.57235479966531,-3.0,0.220587987977263,49.9372110527031,2.74760043311693,0.896382237286497,18378.0,30.726250849108638,23600.15545694348,-30.998459365111337,0.0,0.0,450.5388980669045,233.0,26.957249405305248,239.91968639206874,-3.2668047344530526,0.0,1.0,5.4443052857661085,23663.60279125278,125.23295630784092,30.078553281197568
API Generated 2017-03-31 14:54:56 +0000,9b04d312-863b-42ba-acd0-59d42ca3dddb,2017-03-31T14:54:58.602Z,2017-03-31T14:55:33.196Z,completed,completed normal,-1.63313939833463,-0.14893196451973,1499.99995392768,3.4489177431017,2.15583851420689,1.71980440609623,2.237872295187,2.22898621788503,1.73553482732184,2.57235479966531,-3.0,0.220587987977263,49.9372110527031,3.87380021655847,0.896382237286497,18378.0,26.30710070179759,22820.08240254603,-26.367983869326142,0.0,0.0,385.74091644724075,233.0,26.842048641416127,235.80955198474118,-1.3263979327104292,0.0,1.0,5.421039257458251,22883.421694758334,121.65548389877326,29.56982172558644
API Generated 2017-03-31 14:54:56 +0000,bc9c465a-6f00-4421-a795-64344299e9a2,2017-03-31T14:55:00.419Z,2017-03-31T14:55:33.612Z,completed,completed normal,-1.63313939833463,-0.14893196451973,1499.99995392768,2.4489177431017,2.15583851420689,1.71980440609623,3.237872295187,2.22898621788503,1.73553482732184,2.57235479966531,-3.0,0.220587987977263,49.9372110527031,3.87380021655847,0.896382237286497,18378.0,26.5300472108139,22862.654525396185,-26.620689908266943,0.0,0.0,389.00998025178177,233.0,26.90702108329274,238.9703313183874,-2.8186113520283755,0.0,1.0,5.434161138085596,22926.029481780555,122.25529963203012,29.956118876583613
API Generated 2017-03-31 14:54:56 +0000,e0a3925d-df78-46a3-9b9f-99bd2ab7ce0f,2017-03-31T14:54:59.258Z,2017-03-31T14:55:34.354Z,completed,completed normal,-1.63313939833463,-0.14893196451973,1499.99995392768,2.4489177431017,2.15583851420689,1.71980440609623,2.237872295187,2.22898621788503,1.73553482732184,2.57235479966531,-2.9966,0.220587987977263,49.9372110527031,3.87380021655847,0.896382237286497,18378.0,26.63510570432309,22882.63082170979,-26.739268226099128,0.0,0.0,390.5504525381874,233.0,26.957249405305248,239.91968639206874,-3.2668047344530526,0.0,1.0,5.4443052857661085,22946.02507346111,122.4695195367647,30.078553281197568
API Generated 2017-03-31 14:54:56 +0000,e2ac3a7e-30ac-4a29-8cbd-a884c08b6b9f,2017-03-31T14:55:00.559Z,2017-03-31T14:55:33.602Z,completed,completed normal,-1.63313939833463,-0.14893196451973,2999.99990785536,2.4489177431017,2.15583851420689,1.71980440609623,2.237872295187,2.22898621788503,1.73553482732184,2.57235479966531,-3.0,0.220587987977263,49.9372110527031,3.87380021655847,0.896382237286497,18378.0,26.77153002813684,22907.963832403602,-26.88964373848336,0.0,0.0,392.5508418737563,233.0,26.799197627488333,239.74640723988264,-3.184999126124832,0.0,1.0,5.412385036171802,22971.358170327778,122.54449650342181,30.058554339958956
API Generated 2017-03-31 14:54:56 +0000,ed691bdd-d416-4c34-8c9c-e9dd147fedb5,2017-03-31T14:55:00.420Z,2017-03-31T14:55:34.021Z,completed,completed normal,-1.63313939833463,-0.14893196451973,1499.99995392768,2.4489177431017,2.15583851420689,1.71980440609623,2.237872295187,2.22898621788503,1.73553482732184,2.57235479966531,-3.0,0.220587987977263,49.9372110527031,3.87380021655847,0.812764474572993,18378.0,26.635105704322488,22882.630821709703,-26.73926822609863,0.0,0.0,390.55045253817855,233.0,32.380863996033554,264.6027871360552,-14.91977075092736,0.0,0.0,6.539662350587761,22946.02507346111,125.97201497917526,33.173073558860935
API Generated 2017-03-31 14:54:56 +0000,eff7bcdf-52b7-4577-b5ad-73fa2b5906ab,2017-03-31T14:54:59.562Z,2017-03-31T14:55:33.819Z,completed,completed normal,-1.63313939833463,-1.14893196451973,1499.99995392768,2.4489177431017,2.15583851420689,1.71980440609623,2.237872295187,2.22898621788503,1.73553482732184,2.57235479966531,-3.0,0.220587987977263,49.9372110527031,3.87380021655847,0.896382237286497,18378.0,26.536040471526317,22861.83975727057,-26.615853484525385,0.0,0.0,389.09785941056555,233.0,30.49255800278366,216.34609336660023,7.86235935482395,0.0,0.0,6.158298727555396,22925.258774472226,119.21337698479896,27.264601826658502
API Generated 2017-03-31 14:54:56 +0000,f2e1bb3d-7f78-4bf9-9f17-b2754729f88b,2017-03-31T14:54:58.994Z,2017-03-31T14:55:33.444Z,completed,completed normal,-1.63313939833463,-0.14893196451973,0.0,2.4489177431017,2.15583851420689,1.71980440609623,2.237872295187,2.22898621788503,1.73553482732184,2.57235479966531,-3.0,0.220587987977263,49.9372110527031,3.87380021655847,0.896382237286497,18378.0,25.979237964447144,22729.25999130187,-25.828866478508136,0.0,0.0,380.93346639000873,233.0,27.63355211246128,240.690381287377,-3.630652109920451,0.0,1.0,5.580891862088801,22792.654453066665,122.0196577368221,30.202043109898536
API Generated 2017-03-31 14:54:56 +0000,f5d93ce2-abc9-44ee-8c8e-73aeb57d9e27,2017-03-31T14:54:58.587Z,2017-03-31T14:55:33.128Z,completed,completed normal,-1.63313939833463,-0.14893196451973,1499.99995392768,2.4489177431017,2.15583851420689,1.71980440609623,2.237872295187,2.22898621788503,1.73553482732184,2.57235479966531,-3.0,0.220587987977263,19.9372110527031,3.87380021655847,0.896382237286497,18378.0,31.91022454184246,23859.600097676877,-32.538510062487035,0.0,0.0,467.8994997714229,233.0,87.23158436494614,377.876706294223,-68.39672829340999,0.0,0.0,17.617352894704613,23925.172574669443,145.1554074481577,46.810340413672805
API Generated 2017-03-31 14:54:56 +0000,fda6cccc-e4ed-4b23-9093-d800ecb27e3b,2017-03-31T14:55:00.207Z,2017-03-31T14:55:33.997Z,completed,completed normal,-1.63313939833463,-0.14893196451973,1499.99995392768,2.4489177431017,2.15583851420689,1.71980440609623,2.237872295187,2.22898621788503,1.73553482732184,2.57235479966531,-3.0,-29.7794120120227,49.9372110527031,3.87380021655847,0.896382237286497,18378.0,48.85723749139782,26855.09406148633,-50.31961571534933,0.0,0.0,716.3934854943745,233.0,34.51074565760548,206.78108492269786,12.378028577267123,0.0,0.0,6.969814767617007,26929.89057811667,133.39473467822876,26.150179026415074
