{
    "data": [
        {
            "from": "2013-01-01T00:00:00Z",
            "to": "2013-01-30T23:59:59Z",
            "tot_therms": 88.94
        },
        {
            "from": "2013-02-01T00:00:00Z",
            "to": "2013-02-28T23:59:59Z",
            "tot_therms": 98.73
        },
        {
            "from": "2013-03-01T00:00:00Z",
            "to": "2013-03-31T23:59:59Z",
            "tot_therms": 74.16
        },
        {
            "from": "2013-04-01T00:00:00Z",
            "to": "2013-04-30T23:59:59Z",
            "tot_therms": 65.19
        },
        {
            "from": "2013-05-01T00:00:00Z",
            "to": "2013-05-31T23:59:59Z",
            "tot_therms": 18.13
        },
        {
            "from": "2013-06-01T00:00:00Z",
            "to": "2013-06-30T23:59:59Z",
            "tot_therms": 2.19
        },
        {
            "from": "2013-07-01T00:00:00Z",
            "to": "2013-07-31T23:59:59Z",
            "tot_therms": 0.61
        },
        {
            "from": "2013-08-01T00:00:00Z",
            "to": "2013-08-31T23:59:59Z",
            "tot_therms": 0.53
        },
        {
            "from": "2013-09-01T00:00:00Z",
            "to": "2013-09-30T23:59:59Z",
            "tot_therms": 3.87
        },
        {
            "from": "2013-10-01T00:00:00Z",
            "to": "2013-10-31T23:59:59Z",
            "tot_therms": 38.33
        },
        {
            "from": "2013-11-01T00:00:00Z",
            "to": "2013-11-30T23:59:59Z",
            "tot_therms": 58.05
        },
        {
            "from": "2013-12-01T00:00:00Z",
            "to": "2013-12-31T23:59:59Z",
            "tot_therms": 101.91
        }
    ]
}
