<measure>
  <schema_version>3.0</schema_version>
  <name>set_gas_burner_efficiency_diag</name>
  <uid>28c79510-5001-4582-bf93-d34d223f19ca</uid>
  <version_id>e7069360-caee-44aa-a190-04a7ec3c3761</version_id>
  <version_modified>20170320T192151Z</version_modified>
  <xml_checksum>0DA5C9E6</xml_checksum>
  <class_name>SetGasBurnerEfficiencyDiag</class_name>
  <display_name>Set Gas Burner Efficiency</display_name>
  <description>This measure will find Coil Heating Gas units in the model and will alter the burner efficiency to a specified value. It can be run on a single or all air loops in the model.</description>
  <modeler_description>Loop through air loops in the building and find and change the burner efficiency of any OS:Coil:Heating:Gas objects you find. Note the pre-adjusted efficiency and also the name of the loop. For the starting condition note the range of efficiency values for the units, and for the final condition do the same, to confirm that they were all changed.</modeler_description>
  <arguments>
    <argument>
      <name>run_measure</name>
      <display_name>Run Measure</display_name>
      <description>integer argument to run measure [1 is run, 0 is no run]</description>
      <type>Integer</type>
      <required>true</required>
      <model_dependent>false</model_dependent>
      <default_value>1</default_value>
    </argument>
    <argument>
      <name>object</name>
      <display_name>Choose an Air Loop with a two speed DX Cooling Unit to Alter.</display_name>
      <type>Choice</type>
      <required>true</required>
      <model_dependent>false</model_dependent>
      <default_value>*All Air Loops*</default_value>
      <choices>
        <choice>
          <value>{5672c444-51bd-49d6-a52c-1c345905e1a4}</value>
          <display_name>*All Air Loops*</display_name>
        </choice>
      </choices>
    </argument>
    <argument>
      <name>eff</name>
      <display_name>Burner Efficiency (fractional)</display_name>
      <type>Double</type>
      <required>true</required>
      <model_dependent>false</model_dependent>
      <default_value>0.95</default_value>
    </argument>
    <argument>
      <name>remove_costs</name>
      <display_name>Remove Baseline Costs From Effected Cooling Coil DX Two Speed Units?</display_name>
      <type>Boolean</type>
      <required>true</required>
      <model_dependent>false</model_dependent>
      <default_value>true</default_value>
      <choices>
        <choice>
          <value>true</value>
          <display_name>true</display_name>
        </choice>
        <choice>
          <value>false</value>
          <display_name>false</display_name>
        </choice>
      </choices>
    </argument>
    <argument>
      <name>material_cost</name>
      <display_name>Material and Installation Costs per Cooling Coil DX Two Speed Unit ($).</display_name>
      <type>Double</type>
      <required>true</required>
      <model_dependent>false</model_dependent>
      <default_value>0</default_value>
    </argument>
    <argument>
      <name>demolition_cost</name>
      <display_name>Demolition Costs per Cooling Coil DX Two Speed Unit ($).</display_name>
      <type>Double</type>
      <required>true</required>
      <model_dependent>false</model_dependent>
      <default_value>0</default_value>
    </argument>
    <argument>
      <name>years_until_costs_start</name>
      <display_name>Years Until Costs Start (whole years).</display_name>
      <type>Integer</type>
      <required>true</required>
      <model_dependent>false</model_dependent>
      <default_value>0</default_value>
    </argument>
    <argument>
      <name>demo_cost_initial_const</name>
      <display_name>Demolition Costs Occur During Initial Construction?</display_name>
      <type>Boolean</type>
      <required>true</required>
      <model_dependent>false</model_dependent>
      <default_value>false</default_value>
      <choices>
        <choice>
          <value>true</value>
          <display_name>true</display_name>
        </choice>
        <choice>
          <value>false</value>
          <display_name>false</display_name>
        </choice>
      </choices>
    </argument>
    <argument>
      <name>expected_life</name>
      <display_name>Expected Life (whole years).</display_name>
      <type>Integer</type>
      <required>true</required>
      <model_dependent>false</model_dependent>
      <default_value>20</default_value>
    </argument>
    <argument>
      <name>om_cost</name>
      <display_name>O &amp; M Costs per Cooling Coil DX Two Speed Unit ($).</display_name>
      <type>Double</type>
      <required>true</required>
      <model_dependent>false</model_dependent>
      <default_value>0</default_value>
    </argument>
    <argument>
      <name>om_frequency</name>
      <display_name>O &amp; M Frequency (whole years).</display_name>
      <type>Integer</type>
      <required>true</required>
      <model_dependent>false</model_dependent>
      <default_value>1</default_value>
    </argument>
  </arguments>
  <outputs/>
  <provenances/>
  <tags>
    <tag>HVAC.Heating</tag>
  </tags>
  <attributes>
    <attribute>
      <name>Measure Type</name>
      <value>ModelMeasure</value>
      <datatype>string</datatype>
    </attribute>
    <attribute>
      <name>Uses SketchUp API</name>
      <value>false</value>
      <datatype>boolean</datatype>
    </attribute>
  </attributes>
  <files>
    <file>
      <version>
        <software_program>OpenStudio</software_program>
        <identifier>0.10.2</identifier>
        <min_compatible>0.10.2</min_compatible>
      </version>
      <filename>measure.rb</filename>
      <filetype>rb</filetype>
      <usage_type>script</usage_type>
      <checksum>7FDA78E4</checksum>
    </file>
  </files>
</measure>
