{
    "data": [
        {
            "from": "2013-01-01T00:00:00Z",
            "to": "2013-01-30T23:59:59Z",
            "tot_kwh": 2234.95
        },
        {
            "from": "2013-02-01T00:00:00Z",
            "to": "2013-02-28T23:59:59Z",
            "tot_kwh": 1961.6
        },
        {
            "from": "2013-03-01T00:00:00Z",
            "to": "2013-03-31T23:59:59Z",
            "tot_kwh": 2168.52
        },
        {
            "from": "2013-04-01T00:00:00Z",
            "to": "2013-04-30T23:59:59Z",
            "tot_kwh": 2148.87
        },
        {
            "from": "2013-05-01T00:00:00Z",
            "to": "2013-05-31T23:59:59Z",
            "tot_kwh": 2312.54
        },
        {
            "from": "2013-06-01T00:00:00Z",
            "to": "2013-06-30T23:59:59Z",
            "tot_kwh": 2449.8
        },
        {
            "from": "2013-07-01T00:00:00Z",
            "to": "2013-07-31T23:59:59Z",
            "tot_kwh": 2646.9
        },
        {
            "from": "2013-08-01T00:00:00Z",
            "to": "2013-08-31T23:59:59Z",
            "tot_kwh": 2613.42
        },
        {
            "from": "2013-09-01T00:00:00Z",
            "to": "2013-09-30T23:59:59Z",
            "tot_kwh": 2331.18
        },
        {
            "from": "2013-10-01T00:00:00Z",
            "to": "2013-10-31T23:59:59Z",
            "tot_kwh": 2213.55
        },
        {
            "from": "2013-11-01T00:00:00Z",
            "to": "2013-11-30T23:59:59Z",
            "tot_kwh": 2100.59
        },
        {
            "from": "2013-12-01T00:00:00Z",
            "to": "2013-12-31T23:59:59Z",
            "tot_kwh": 2378.61
        }
    ]
}