<measure>
  <schema_version>3.0</schema_version>
  <name>openstudio_results</name>
  <uid>a25386cd-60e4-46bc-8b11-c755f379d916</uid>
  <version_id>5f6b3382-b5e8-4a46-9a93-4c33c62c6b43</version_id>
  <version_modified>20161208T202414Z</version_modified>
  <xml_checksum>A94354BA</xml_checksum>
  <class_name>OpenStudioResults</class_name>
  <display_name>OpenStudio Results</display_name>
  <description>This measure creates high level tables and charts pulling both from model inputs and EnergyPlus results. It has building level information as well as detail on space types, thermal zones, HVAC systems, envelope characteristics, and economics. Click the heading above a chart to view a table of the chart data.</description>
  <modeler_description>For the most part consumption data comes from the tabular EnergyPlus results, however there are a few requests added for time series results. Space type and loop details come from the OpenStudio model. The code for this is modular, making it easy to use as a template for your own custom reports. The structure of the report uses bootstrap, and the graphs use dimple js.</modeler_description>
  <arguments>
    <argument>
      <name>building_summary_section</name>
      <display_name>Model Summary</display_name>
      <type>Boolean</type>
      <required>true</required>
      <model_dependent>false</model_dependent>
      <default_value>true</default_value>
      <choices>
        <choice>
          <value>true</value>
          <display_name>true</display_name>
        </choice>
        <choice>
          <value>false</value>
          <display_name>false</display_name>
        </choice>
      </choices>
    </argument>
    <argument>
      <name>annual_overview_section</name>
      <display_name>Annual Overview</display_name>
      <type>Boolean</type>
      <required>true</required>
      <model_dependent>false</model_dependent>
      <default_value>true</default_value>
      <choices>
        <choice>
          <value>true</value>
          <display_name>true</display_name>
        </choice>
        <choice>
          <value>false</value>
          <display_name>false</display_name>
        </choice>
      </choices>
    </argument>
    <argument>
      <name>monthly_overview_section</name>
      <display_name>Monthly Overview</display_name>
      <type>Boolean</type>
      <required>true</required>
      <model_dependent>false</model_dependent>
      <default_value>true</default_value>
      <choices>
        <choice>
          <value>true</value>
          <display_name>true</display_name>
        </choice>
        <choice>
          <value>false</value>
          <display_name>false</display_name>
        </choice>
      </choices>
    </argument>
    <argument>
      <name>utility_bills_rates_section</name>
      <display_name>Utility Bills/Rates</display_name>
      <type>Boolean</type>
      <required>true</required>
      <model_dependent>false</model_dependent>
      <default_value>true</default_value>
      <choices>
        <choice>
          <value>true</value>
          <display_name>true</display_name>
        </choice>
        <choice>
          <value>false</value>
          <display_name>false</display_name>
        </choice>
      </choices>
    </argument>
    <argument>
      <name>envelope_section_section</name>
      <display_name>Envelope</display_name>
      <type>Boolean</type>
      <required>true</required>
      <model_dependent>false</model_dependent>
      <default_value>true</default_value>
      <choices>
        <choice>
          <value>true</value>
          <display_name>true</display_name>
        </choice>
        <choice>
          <value>false</value>
          <display_name>false</display_name>
        </choice>
      </choices>
    </argument>
    <argument>
      <name>space_type_breakdown_section</name>
      <display_name>Space Type Breakdown</display_name>
      <type>Boolean</type>
      <required>true</required>
      <model_dependent>false</model_dependent>
      <default_value>true</default_value>
      <choices>
        <choice>
          <value>true</value>
          <display_name>true</display_name>
        </choice>
        <choice>
          <value>false</value>
          <display_name>false</display_name>
        </choice>
      </choices>
    </argument>
    <argument>
      <name>space_type_details_section</name>
      <display_name>Space Type Summary</display_name>
      <type>Boolean</type>
      <required>true</required>
      <model_dependent>false</model_dependent>
      <default_value>true</default_value>
      <choices>
        <choice>
          <value>true</value>
          <display_name>true</display_name>
        </choice>
        <choice>
          <value>false</value>
          <display_name>false</display_name>
        </choice>
      </choices>
    </argument>
    <argument>
      <name>interior_lighting_section</name>
      <display_name>Interior Lighting Summary</display_name>
      <type>Boolean</type>
      <required>true</required>
      <model_dependent>false</model_dependent>
      <default_value>true</default_value>
      <choices>
        <choice>
          <value>true</value>
          <display_name>true</display_name>
        </choice>
        <choice>
          <value>false</value>
          <display_name>false</display_name>
        </choice>
      </choices>
    </argument>
    <argument>
      <name>plug_loads_section</name>
      <display_name>Plug Loads Summary</display_name>
      <type>Boolean</type>
      <required>true</required>
      <model_dependent>false</model_dependent>
      <default_value>true</default_value>
      <choices>
        <choice>
          <value>true</value>
          <display_name>true</display_name>
        </choice>
        <choice>
          <value>false</value>
          <display_name>false</display_name>
        </choice>
      </choices>
    </argument>
    <argument>
      <name>exterior_light_section</name>
      <display_name>Exterior Lighting</display_name>
      <type>Boolean</type>
      <required>true</required>
      <model_dependent>false</model_dependent>
      <default_value>true</default_value>
      <choices>
        <choice>
          <value>true</value>
          <display_name>true</display_name>
        </choice>
        <choice>
          <value>false</value>
          <display_name>false</display_name>
        </choice>
      </choices>
    </argument>
    <argument>
      <name>water_use_section</name>
      <display_name>Water Use Equipment</display_name>
      <type>Boolean</type>
      <required>true</required>
      <model_dependent>false</model_dependent>
      <default_value>true</default_value>
      <choices>
        <choice>
          <value>true</value>
          <display_name>true</display_name>
        </choice>
        <choice>
          <value>false</value>
          <display_name>false</display_name>
        </choice>
      </choices>
    </argument>
    <argument>
      <name>hvac_load_profile</name>
      <display_name>HVAC Load Profiles</display_name>
      <type>Boolean</type>
      <required>true</required>
      <model_dependent>false</model_dependent>
      <default_value>true</default_value>
      <choices>
        <choice>
          <value>true</value>
          <display_name>true</display_name>
        </choice>
        <choice>
          <value>false</value>
          <display_name>false</display_name>
        </choice>
      </choices>
    </argument>
    <argument>
      <name>zone_condition_section</name>
      <display_name>Zone Conditions</display_name>
      <type>Boolean</type>
      <required>true</required>
      <model_dependent>false</model_dependent>
      <default_value>true</default_value>
      <choices>
        <choice>
          <value>true</value>
          <display_name>true</display_name>
        </choice>
        <choice>
          <value>false</value>
          <display_name>false</display_name>
        </choice>
      </choices>
    </argument>
    <argument>
      <name>zone_summary_section</name>
      <display_name>Zone Overview</display_name>
      <type>Boolean</type>
      <required>true</required>
      <model_dependent>false</model_dependent>
      <default_value>true</default_value>
      <choices>
        <choice>
          <value>true</value>
          <display_name>true</display_name>
        </choice>
        <choice>
          <value>false</value>
          <display_name>false</display_name>
        </choice>
      </choices>
    </argument>
    <argument>
      <name>zone_equipment_detail_section</name>
      <display_name>Zone Equipment Detail</display_name>
      <type>Boolean</type>
      <required>true</required>
      <model_dependent>false</model_dependent>
      <default_value>true</default_value>
      <choices>
        <choice>
          <value>true</value>
          <display_name>true</display_name>
        </choice>
        <choice>
          <value>false</value>
          <display_name>false</display_name>
        </choice>
      </choices>
    </argument>
    <argument>
      <name>air_loops_detail_section</name>
      <display_name>Air Loops Detail</display_name>
      <type>Boolean</type>
      <required>true</required>
      <model_dependent>false</model_dependent>
      <default_value>true</default_value>
      <choices>
        <choice>
          <value>true</value>
          <display_name>true</display_name>
        </choice>
        <choice>
          <value>false</value>
          <display_name>false</display_name>
        </choice>
      </choices>
    </argument>
    <argument>
      <name>plant_loops_detail_section</name>
      <display_name>Plant Loops Detail</display_name>
      <type>Boolean</type>
      <required>true</required>
      <model_dependent>false</model_dependent>
      <default_value>true</default_value>
      <choices>
        <choice>
          <value>true</value>
          <display_name>true</display_name>
        </choice>
        <choice>
          <value>false</value>
          <display_name>false</display_name>
        </choice>
      </choices>
    </argument>
    <argument>
      <name>outdoor_air_section</name>
      <display_name>Outdoor Air</display_name>
      <type>Boolean</type>
      <required>true</required>
      <model_dependent>false</model_dependent>
      <default_value>true</default_value>
      <choices>
        <choice>
          <value>true</value>
          <display_name>true</display_name>
        </choice>
        <choice>
          <value>false</value>
          <display_name>false</display_name>
        </choice>
      </choices>
    </argument>
    <argument>
      <name>cost_summary_section</name>
      <display_name>Cash Flow</display_name>
      <type>Boolean</type>
      <required>true</required>
      <model_dependent>false</model_dependent>
      <default_value>true</default_value>
      <choices>
        <choice>
          <value>true</value>
          <display_name>true</display_name>
        </choice>
        <choice>
          <value>false</value>
          <display_name>false</display_name>
        </choice>
      </choices>
    </argument>
    <argument>
      <name>source_energy_section</name>
      <display_name>Site and Source Summary</display_name>
      <type>Boolean</type>
      <required>true</required>
      <model_dependent>false</model_dependent>
      <default_value>true</default_value>
      <choices>
        <choice>
          <value>true</value>
          <display_name>true</display_name>
        </choice>
        <choice>
          <value>false</value>
          <display_name>false</display_name>
        </choice>
      </choices>
    </argument>
    <argument>
      <name>schedules_overview_section</name>
      <display_name>Schedule Overview</display_name>
      <type>Boolean</type>
      <required>true</required>
      <model_dependent>false</model_dependent>
      <default_value>true</default_value>
      <choices>
        <choice>
          <value>true</value>
          <display_name>true</display_name>
        </choice>
        <choice>
          <value>false</value>
          <display_name>false</display_name>
        </choice>
      </choices>
    </argument>
  </arguments>
  <outputs/>
  <provenances/>
  <tags>
    <tag>Reporting.QAQC</tag>
  </tags>
  <attributes>
    <attribute>
      <name>Uses SketchUp API</name>
      <value>false</value>
      <datatype>boolean</datatype>
    </attribute>
    <attribute>
      <name>Measure Type</name>
      <value>ReportingMeasure</value>
      <datatype>string</datatype>
    </attribute>
    <attribute>
      <name>Intended Software Tool</name>
      <value>OpenStudio Application</value>
      <datatype>string</datatype>
    </attribute>
    <attribute>
      <name>Intended Software Tool</name>
      <value>Parametric Analysis Tool</value>
      <datatype>string</datatype>
    </attribute>
    <attribute>
      <name>Intended Software Tool</name>
      <value>Analysis Spreadsheet</value>
      <datatype>string</datatype>
    </attribute>
    <attribute>
      <name>Intended Use Case</name>
      <value>Automatic Report Generation</value>
      <datatype>string</datatype>
    </attribute>
  </attributes>
  <files>
    <file>
      <filename>measure.rb</filename>
      <filetype>rb</filetype>
      <usage_type></usage_type>
      <checksum>6E91E4F2</checksum>
    </file>
    <file>
      <filename>1004_SmallHotel_a.osm</filename>
      <filetype>osm</filetype>
      <usage_type>test</usage_type>
      <checksum>C62949E8</checksum>
    </file>
    <file>
      <filename>EdgeCaseModel.osm</filename>
      <filetype>osm</filetype>
      <usage_type>test</usage_type>
      <checksum>5B277247</checksum>
    </file>
    <file>
      <filename>EmptyModel.osm</filename>
      <filetype>osm</filetype>
      <usage_type>test</usage_type>
      <checksum>A597C804</checksum>
    </file>
    <file>
      <filename>ExampleModel.osm</filename>
      <filetype>osm</filetype>
      <usage_type>test</usage_type>
      <checksum>6EBB9908</checksum>
    </file>
    <file>
      <filename>HeatingOnly.osm</filename>
      <filetype>osm</filetype>
      <usage_type>test</usage_type>
      <checksum>99A21A4F</checksum>
    </file>
    <file>
      <filename>NoRunPeriod.osm</filename>
      <filetype>osm</filetype>
      <usage_type>test</usage_type>
      <checksum>32622D37</checksum>
    </file>
    <file>
      <filename>OpenStudioResults_Test.rb</filename>
      <filetype>rb</filetype>
      <usage_type>test</usage_type>
      <checksum>50A163F9</checksum>
    </file>
    <file>
      <filename>PeriodInConstName.osm</filename>
      <filetype>osm</filetype>
      <usage_type>test</usage_type>
      <checksum>D67C186D</checksum>
    </file>
    <file>
      <filename>USA_CO_Golden-NREL.724666_TMY3.epw</filename>
      <filetype>epw</filetype>
      <usage_type>test</usage_type>
      <checksum>BDF687C1</checksum>
    </file>
    <file>
      <filename>os_lib_helper_methods.rb</filename>
      <filetype>rb</filetype>
      <usage_type>resource</usage_type>
      <checksum>A6430141</checksum>
    </file>
    <file>
      <filename>os_lib_reporting.rb</filename>
      <filetype>rb</filetype>
      <usage_type>resource</usage_type>
      <checksum>0F9C02BF</checksum>
    </file>
    <file>
      <filename>os_lib_schedules.rb</filename>
      <filetype>rb</filetype>
      <usage_type>resource</usage_type>
      <checksum>C4185CAA</checksum>
    </file>
    <file>
      <filename>report.html.erb</filename>
      <filetype>erb</filetype>
      <usage_type>resource</usage_type>
      <checksum>7DC1F0A7</checksum>
    </file>
  </files>
</measure>
